insert into TB_CM_CD_DTL (COM_GRP_CD, COM_CD, CD_NM, CD_DESC, USE_YN, SORT_NO, RSV_STR1_VAL, RSV_STR2_VAL, RSV_STR3_VAL, RSV_STR4_VAL, RSV_STR5_VAL, RSV_STR6_VAL, RSV_STR7_VAL, RSV_STR8_VAL, RSV_NUM1_VAL, RSV_NUM2_VAL, RSV_NUM3_VAL, RSV_NUM4_VAL, RSV_NUM5_VAL, RSV_NUM6_VAL, RSV_NUM7_VAL, RSV_NUM8_VAL, REG_ID, REG_DT, MOD_ID, MOD_DT)
values ('BBS_TP', 'NOTI', '공지사항', '', '1', 1, '', '', '', '', '', '', '', '', null, null, null, null, null, null, null, null, 'SYSTEM', SYSDATE, 'SYSTEM', SYSDATE);

insert into TB_CM_CD_DTL (COM_GRP_CD, COM_CD, CD_NM, CD_DESC, USE_YN, SORT_NO, RSV_STR1_VAL, RSV_STR2_VAL, RSV_STR3_VAL, RSV_STR4_VAL, RSV_STR5_VAL, RSV_STR6_VAL, RSV_STR7_VAL, RSV_STR8_VAL, RSV_NUM1_VAL, RSV_NUM2_VAL, RSV_NUM3_VAL, RSV_NUM4_VAL, RSV_NUM5_VAL, RSV_NUM6_VAL, RSV_NUM7_VAL, RSV_NUM8_VAL, REG_ID, REG_DT, MOD_ID, MOD_DT)
values ('BBS_TP', 'ETC', '기타', '', '1', 99, '', '', '', '', '', '', '', '', null, null, null, null, null, null, null, null, 'SYSTEM', SYSDATE, 'SYSTEM', SYSDATE);

insert into TB_CM_CD_DTL (COM_GRP_CD, COM_CD, CD_NM, CD_DESC, USE_YN, SORT_NO, RSV_STR1_VAL, RSV_STR2_VAL, RSV_STR3_VAL, RSV_STR4_VAL, RSV_STR5_VAL, RSV_STR6_VAL, RSV_STR7_VAL, RSV_STR8_VAL, RSV_NUM1_VAL, RSV_NUM2_VAL, RSV_NUM3_VAL, RSV_NUM4_VAL, RSV_NUM5_VAL, RSV_NUM6_VAL, RSV_NUM7_VAL, RSV_NUM8_VAL, REG_ID, REG_DT, MOD_ID, MOD_DT)
values ('BBS_SCP', '1', '전체', '', '1', 1, '', 'N', '', '', '', '', '', '', null, null, null, null, null, null, null, null, 'SYSTEM', SYSDATE, 'SYSTEM', SYSDATE);

insert into TB_CM_CD_DTL (COM_GRP_CD, COM_CD, CD_NM, CD_DESC, USE_YN, SORT_NO, RSV_STR1_VAL, RSV_STR2_VAL, RSV_STR3_VAL, RSV_STR4_VAL, RSV_STR5_VAL, RSV_STR6_VAL, RSV_STR7_VAL, RSV_STR8_VAL, RSV_NUM1_VAL, RSV_NUM2_VAL, RSV_NUM3_VAL, RSV_NUM4_VAL, RSV_NUM5_VAL, RSV_NUM6_VAL, RSV_NUM7_VAL, RSV_NUM8_VAL, REG_ID, REG_DT, MOD_ID, MOD_DT)
values ('BBS_SRCH_TP', 'TT', '제목', '', '1', 1, '', '', '', '', '', '', '', '', null, null, null, null, null, null, null, null, 'SYSTEM', SYSDATE, 'SYSTEM', SYSDATE);

insert into TB_CM_CD_DTL (COM_GRP_CD, COM_CD, CD_NM, CD_DESC, USE_YN, SORT_NO, RSV_STR1_VAL, RSV_STR2_VAL, RSV_STR3_VAL, RSV_STR4_VAL, RSV_STR5_VAL, RSV_STR6_VAL, RSV_STR7_VAL, RSV_STR8_VAL, RSV_NUM1_VAL, RSV_NUM2_VAL, RSV_NUM3_VAL, RSV_NUM4_VAL, RSV_NUM5_VAL, RSV_NUM6_VAL, RSV_NUM7_VAL, RSV_NUM8_VAL, REG_ID, REG_DT, MOD_ID, MOD_DT)
values ('BBS_SRCH_TP', 'TC', '제목 + 내용', '', '1', 2, '', '', '', '', '', '', '', '', null, null, null, null, null, null, null, null, 'SYSTEM', SYSDATE, 'SYSTEM', SYSDATE);

insert into TB_CM_CD_DTL (COM_GRP_CD, COM_CD, CD_NM, CD_DESC, USE_YN, SORT_NO, RSV_STR1_VAL, RSV_STR2_VAL, RSV_STR3_VAL, RSV_STR4_VAL, RSV_STR5_VAL, RSV_STR6_VAL, RSV_STR7_VAL, RSV_STR8_VAL, RSV_NUM1_VAL, RSV_NUM2_VAL, RSV_NUM3_VAL, RSV_NUM4_VAL, RSV_NUM5_VAL, RSV_NUM6_VAL, RSV_NUM7_VAL, RSV_NUM8_VAL, REG_ID, REG_DT, MOD_ID, MOD_DT)
values ('USER_STATUS', '01', '사용', '', '1', 1, '', '', '', '', '', '', '', '', null, null, null, null, null, null, null, null, 'SYSTEM', SYSDATE, 'SYSTEM', SYSDATE);

insert into TB_CM_CD_DTL (COM_GRP_CD, COM_CD, CD_NM, CD_DESC, USE_YN, SORT_NO, RSV_STR1_VAL, RSV_STR2_VAL, RSV_STR3_VAL, RSV_STR4_VAL, RSV_STR5_VAL, RSV_STR6_VAL, RSV_STR7_VAL, RSV_STR8_VAL, RSV_NUM1_VAL, RSV_NUM2_VAL, RSV_NUM3_VAL, RSV_NUM4_VAL, RSV_NUM5_VAL, RSV_NUM6_VAL, RSV_NUM7_VAL, RSV_NUM8_VAL, REG_ID, REG_DT, MOD_ID, MOD_DT)
values ('USER_STATUS', '02', '잠금상태', '', '1', 2, '', '', '', '', '', '', '', '', null, null, null, null, null, null, null, null, 'SYSTEM', SYSDATE, 'SYSTEM', SYSDATE);

insert into TB_CM_CD_DTL (COM_GRP_CD, COM_CD, CD_NM, CD_DESC, USE_YN, SORT_NO, RSV_STR1_VAL, RSV_STR2_VAL, RSV_STR3_VAL, RSV_STR4_VAL, RSV_STR5_VAL, RSV_STR6_VAL, RSV_STR7_VAL, RSV_STR8_VAL, RSV_NUM1_VAL, RSV_NUM2_VAL, RSV_NUM3_VAL, RSV_NUM4_VAL, RSV_NUM5_VAL, RSV_NUM6_VAL, RSV_NUM7_VAL, RSV_NUM8_VAL, REG_ID, REG_DT, MOD_ID, MOD_DT)
values ('USER_STATUS', '03', '비밀번호초기화', '', '1', 3, '', '', '', '', '', '', '', '', null, null, null, null, null, null, null, null, 'SYSTEM', SYSDATE, 'SYSTEM', SYSDATE);

insert into TB_CM_CD_DTL (COM_GRP_CD, COM_CD, CD_NM, CD_DESC, USE_YN, SORT_NO, RSV_STR1_VAL, RSV_STR2_VAL, RSV_STR3_VAL, RSV_STR4_VAL, RSV_STR5_VAL, RSV_STR6_VAL, RSV_STR7_VAL, RSV_STR8_VAL, RSV_NUM1_VAL, RSV_NUM2_VAL, RSV_NUM3_VAL, RSV_NUM4_VAL, RSV_NUM5_VAL, RSV_NUM6_VAL, RSV_NUM7_VAL, RSV_NUM8_VAL, REG_ID, REG_DT, MOD_ID, MOD_DT)
values ('USER_STATUS', '99', '사용안함', '', '1', 4, '', '', '', '', '', '', '', '', null, null, null, null, null, null, null, null, 'SYSTEM', SYSDATE, 'SYSTEM', SYSDATE);

insert into TB_CM_CD_DTL (COM_GRP_CD, COM_CD, CD_NM, CD_DESC, USE_YN, SORT_NO, RSV_STR1_VAL, RSV_STR2_VAL, RSV_STR3_VAL, RSV_STR4_VAL, RSV_STR5_VAL, RSV_STR6_VAL, RSV_STR7_VAL, RSV_STR8_VAL, RSV_NUM1_VAL, RSV_NUM2_VAL, RSV_NUM3_VAL, RSV_NUM4_VAL, RSV_NUM5_VAL, RSV_NUM6_VAL, RSV_NUM7_VAL, RSV_NUM8_VAL, REG_ID, REG_DT, MOD_ID, MOD_DT)
values ('BBS_TP', 'FAQ', 'FAQ', '', '1', 2, '', '', '', '', '', '', '', '', null, null, null, null, null, null, null, null, 'SYSTEM', SYSDATE, 'SYSTEM', SYSDATE);

insert into TB_CM_CD_DTL (COM_GRP_CD, COM_CD, CD_NM, CD_DESC, USE_YN, SORT_NO, RSV_STR1_VAL, RSV_STR2_VAL, RSV_STR3_VAL, RSV_STR4_VAL, RSV_STR5_VAL, RSV_STR6_VAL, RSV_STR7_VAL, RSV_STR8_VAL, RSV_NUM1_VAL, RSV_NUM2_VAL, RSV_NUM3_VAL, RSV_NUM4_VAL, RSV_NUM5_VAL, RSV_NUM6_VAL, RSV_NUM7_VAL, RSV_NUM8_VAL, REG_ID, REG_DT, MOD_ID, MOD_DT)
values ('BIZ_SAMPLE_CD', '1', '샘플1', '', '0', 1, '', '', '', '', '', '', '', '', null, null, null, null, null, null, null, null, 'SYSTEM', SYSDATE, 'SYSTEM', SYSDATE);

insert into TB_CM_CD_DTL (COM_GRP_CD, COM_CD, CD_NM, CD_DESC, USE_YN, SORT_NO, RSV_STR1_VAL, RSV_STR2_VAL, RSV_STR3_VAL, RSV_STR4_VAL, RSV_STR5_VAL, RSV_STR6_VAL, RSV_STR7_VAL, RSV_STR8_VAL, RSV_NUM1_VAL, RSV_NUM2_VAL, RSV_NUM3_VAL, RSV_NUM4_VAL, RSV_NUM5_VAL, RSV_NUM6_VAL, RSV_NUM7_VAL, RSV_NUM8_VAL, REG_ID, REG_DT, MOD_ID, MOD_DT)
values ('BIZ_SAMPLE_CD', '2', '샘플2', '', '0', 2, '', '', '', '', '', '', '', '', null, null, null, null, null, null, null, null, 'SYSTEM', SYSDATE, 'SYSTEM', SYSDATE);

insert into TB_CM_CD_DTL (COM_GRP_CD, COM_CD, CD_NM, CD_DESC, USE_YN, SORT_NO, RSV_STR1_VAL, RSV_STR2_VAL, RSV_STR3_VAL, RSV_STR4_VAL, RSV_STR5_VAL, RSV_STR6_VAL, RSV_STR7_VAL, RSV_STR8_VAL, RSV_NUM1_VAL, RSV_NUM2_VAL, RSV_NUM3_VAL, RSV_NUM4_VAL, RSV_NUM5_VAL, RSV_NUM6_VAL, RSV_NUM7_VAL, RSV_NUM8_VAL, REG_ID, REG_DT, MOD_ID, MOD_DT)
values ('BIZ_SAMPLE_CD', '3', '샘플3', '', '0', 3, '', '', '', '', '', '', '', '', null, null, null, null, null, null, null, null, 'SYSTEM', SYSDATE, 'SYSTEM', SYSDATE);

insert into TB_CM_CD_DTL (COM_GRP_CD, COM_CD, CD_NM, CD_DESC, USE_YN, SORT_NO, RSV_STR1_VAL, RSV_STR2_VAL, RSV_STR3_VAL, RSV_STR4_VAL, RSV_STR5_VAL, RSV_STR6_VAL, RSV_STR7_VAL, RSV_STR8_VAL, RSV_NUM1_VAL, RSV_NUM2_VAL, RSV_NUM3_VAL, RSV_NUM4_VAL, RSV_NUM5_VAL, RSV_NUM6_VAL, RSV_NUM7_VAL, RSV_NUM8_VAL, REG_ID, REG_DT, MOD_ID, MOD_DT)
values ('BBS_SCP', '2', '전체', '', '1', 2, '', '', '', '', '', '', '', '', null, null, null, null, null, null, null, null, 'SYSTEM', SYSDATE, 'SYSTEM', SYSDATE);

insert into TB_CM_CD_DTL (COM_GRP_CD, COM_CD, CD_NM, CD_DESC, USE_YN, SORT_NO, RSV_STR1_VAL, RSV_STR2_VAL, RSV_STR3_VAL, RSV_STR4_VAL, RSV_STR5_VAL, RSV_STR6_VAL, RSV_STR7_VAL, RSV_STR8_VAL, RSV_NUM1_VAL, RSV_NUM2_VAL, RSV_NUM3_VAL, RSV_NUM4_VAL, RSV_NUM5_VAL, RSV_NUM6_VAL, RSV_NUM7_VAL, RSV_NUM8_VAL, REG_ID, REG_DT, MOD_ID, MOD_DT)
values ('LANG_CD', 'en_us', '영어', '영어', '1', 2, 'en_us', '', '', '', '', '', '', '', null, null, null, null, null, null, null, null, 'SYSTEM', SYSDATE, 'SYSTEM', SYSDATE);

insert into TB_CM_CD_DTL (COM_GRP_CD, COM_CD, CD_NM, CD_DESC, USE_YN, SORT_NO, RSV_STR1_VAL, RSV_STR2_VAL, RSV_STR3_VAL, RSV_STR4_VAL, RSV_STR5_VAL, RSV_STR6_VAL, RSV_STR7_VAL, RSV_STR8_VAL, RSV_NUM1_VAL, RSV_NUM2_VAL, RSV_NUM3_VAL, RSV_NUM4_VAL, RSV_NUM5_VAL, RSV_NUM6_VAL, RSV_NUM7_VAL, RSV_NUM8_VAL, REG_ID, REG_DT, MOD_ID, MOD_DT)
values ('TPL_TIMEZONE', 'Asia/Seoul', 'Asia/Seoul', '', '1', 1, '', '', '', '', '', '', '', '', null, null, null, null, null, null, null, null, 'SYSTEM', SYSDATE, 'SYSTEM', SYSDATE);

insert into TB_CM_CD_DTL (COM_GRP_CD, COM_CD, CD_NM, CD_DESC, USE_YN, SORT_NO, RSV_STR1_VAL, RSV_STR2_VAL, RSV_STR3_VAL, RSV_STR4_VAL, RSV_STR5_VAL, RSV_STR6_VAL, RSV_STR7_VAL, RSV_STR8_VAL, RSV_NUM1_VAL, RSV_NUM2_VAL, RSV_NUM3_VAL, RSV_NUM4_VAL, RSV_NUM5_VAL, RSV_NUM6_VAL, RSV_NUM7_VAL, RSV_NUM8_VAL, REG_ID, REG_DT, MOD_ID, MOD_DT)
values ('LANG_CD', 'ko_kr', '한국어', '한국어', '1', 1, 'ko_kr', '', '', '', '', '', '', '', null, null, null, null, null, null, null, null, 'SYSTEM', SYSDATE, 'SYSTEM', SYSDATE);

insert into TB_CM_CD_DTL (COM_GRP_CD, COM_CD, CD_NM, CD_DESC, USE_YN, SORT_NO, RSV_STR1_VAL, RSV_STR2_VAL, RSV_STR3_VAL, RSV_STR4_VAL, RSV_STR5_VAL, RSV_STR6_VAL, RSV_STR7_VAL, RSV_STR8_VAL, RSV_NUM1_VAL, RSV_NUM2_VAL, RSV_NUM3_VAL, RSV_NUM4_VAL, RSV_NUM5_VAL, RSV_NUM6_VAL, RSV_NUM7_VAL, RSV_NUM8_VAL, REG_ID, REG_DT, MOD_ID, MOD_DT)
values ('TPL_TIMEZONE', 'UTC', 'UTC', '', '1', 2, '', '', '', '', '', '', '', '', null, null, null, null, null, null, null, null, 'SYSTEM', SYSDATE, 'SYSTEM', SYSDATE);

insert into TB_CM_CD_DTL (COM_GRP_CD, COM_CD, CD_NM, CD_DESC, USE_YN, SORT_NO, RSV_STR1_VAL, RSV_STR2_VAL, RSV_STR3_VAL, RSV_STR4_VAL, RSV_STR5_VAL, RSV_STR6_VAL, RSV_STR7_VAL, RSV_STR8_VAL, RSV_NUM1_VAL, RSV_NUM2_VAL, RSV_NUM3_VAL, RSV_NUM4_VAL, RSV_NUM5_VAL, RSV_NUM6_VAL, RSV_NUM7_VAL, RSV_NUM8_VAL, REG_ID, REG_DT, MOD_ID, MOD_DT)
values ('TPL_TIMEZONE', 'US/Central', 'US/Central', '', '1', 4, '', '', '', '', '', '', '', '', null, null, null, null, null, null, null, null, 'SYSTEM', SYSDATE, 'SYSTEM', SYSDATE);

insert into TB_CM_CD_DTL (COM_GRP_CD, COM_CD, CD_NM, CD_DESC, USE_YN, SORT_NO, RSV_STR1_VAL, RSV_STR2_VAL, RSV_STR3_VAL, RSV_STR4_VAL, RSV_STR5_VAL, RSV_STR6_VAL, RSV_STR7_VAL, RSV_STR8_VAL, RSV_NUM1_VAL, RSV_NUM2_VAL, RSV_NUM3_VAL, RSV_NUM4_VAL, RSV_NUM5_VAL, RSV_NUM6_VAL, RSV_NUM7_VAL, RSV_NUM8_VAL, REG_ID, REG_DT, MOD_ID, MOD_DT)
values ('TPL_TIMEZONE', 'Asia/Dubai', 'Asia/Dubai', '', '1', 3, '', '', '', '', '', '', '', '', null, null, null, null, null, null, null, null, 'SYSTEM', SYSDATE, 'SYSTEM', SYSDATE);

INSERT INTO tb_cm_cd_dtl
(com_grp_cd, com_cd, cd_nm, cd_desc, use_yn, sort_no, rsv_str1_val, rsv_str2_val, rsv_str3_val, rsv_str4_val, rsv_str5_val, rsv_str6_val, rsv_str7_val, rsv_str8_val, rsv_num1_val, rsv_num2_val, rsv_num3_val, rsv_num4_val, rsv_num5_val, rsv_num6_val, rsv_num7_val, rsv_num8_val, reg_id, reg_dt, mod_id, mod_dt)
VALUES('USE_YN', '1', '예', NULL, '1', NULL, NULL, NULL, NULL, NULL, NULL, NULL, NULL, NULL, NULL, NULL, NULL, NULL, NULL, NULL, NULL, NULL, 'SYSTEM', SYSDATE, 'SYSTEM', SYSDATE);
INSERT INTO tb_cm_cd_dtl
(com_grp_cd, com_cd, cd_nm, cd_desc, use_yn, sort_no, rsv_str1_val, rsv_str2_val, rsv_str3_val, rsv_str4_val, rsv_str5_val, rsv_str6_val, rsv_str7_val, rsv_str8_val, rsv_num1_val, rsv_num2_val, rsv_num3_val, rsv_num4_val, rsv_num5_val, rsv_num6_val, rsv_num7_val, rsv_num8_val, reg_id, reg_dt, mod_id, mod_dt)
VALUES('USE_YN', '0', '아니오', NULL, '1', NULL, NULL, NULL, NULL, NULL, NULL, NULL, NULL, NULL, NULL, NULL, NULL, NULL, NULL, NULL, NULL, NULL, 'SYSTEM', SYSDATE, 'SYSTEM', SYSDATE);

insert into TB_CM_CD_DTL_I18N (COM_GRP_CD, COM_CD, LANGUAGE_CD, CD_NM, USE_YN, REG_ID, REG_DT, MOD_ID, MOD_DT)
values ('BBS_SCP', '1', 'en_us', 'en전체', '1', 'SYSTEM', SYSDATE, 'SYSTEM', SYSDATE);

insert into TB_CM_CD_DTL_I18N (COM_GRP_CD, COM_CD, LANGUAGE_CD, CD_NM, USE_YN, REG_ID, REG_DT, MOD_ID, MOD_DT)
values ('BBS_SRCH_TP', 'TC', 'en_us', 'en제목 + 내용', '1', 'SYSTEM', SYSDATE, 'SYSTEM', SYSDATE);

insert into TB_CM_CD_DTL_I18N (COM_GRP_CD, COM_CD, LANGUAGE_CD, CD_NM, USE_YN, REG_ID, REG_DT, MOD_ID, MOD_DT)
values ('BBS_SRCH_TP', 'TT', 'en_us', 'en제목', '1', 'SYSTEM', SYSDATE, 'SYSTEM', SYSDATE);

insert into TB_CM_CD_DTL_I18N (COM_GRP_CD, COM_CD, LANGUAGE_CD, CD_NM, USE_YN, REG_ID, REG_DT, MOD_ID, MOD_DT)
values ('BBS_TP', 'ETC', 'en_us', 'en기타', '1', 'SYSTEM', SYSDATE, 'SYSTEM', SYSDATE);

insert into TB_CM_CD_DTL_I18N (COM_GRP_CD, COM_CD, LANGUAGE_CD, CD_NM, USE_YN, REG_ID, REG_DT, MOD_ID, MOD_DT)
values ('BBS_TP', 'FAQ', 'en_us', 'enFAQ', '1', 'SYSTEM', SYSDATE, 'SYSTEM', SYSDATE);

insert into TB_CM_CD_DTL_I18N (COM_GRP_CD, COM_CD, LANGUAGE_CD, CD_NM, USE_YN, REG_ID, REG_DT, MOD_ID, MOD_DT)
values ('BBS_TP', 'NOTI', 'en_us', 'en공지사항', '1', 'SYSTEM', SYSDATE, 'SYSTEM', SYSDATE);

insert into TB_CM_CD_DTL_I18N (COM_GRP_CD, COM_CD, LANGUAGE_CD, CD_NM, USE_YN, REG_ID, REG_DT, MOD_ID, MOD_DT)
values ('USER_STATUS', '01', 'en_us', 'en사용', '1', 'SYSTEM', SYSDATE, 'SYSTEM', SYSDATE);

insert into TB_CM_CD_DTL_I18N (COM_GRP_CD, COM_CD, LANGUAGE_CD, CD_NM, USE_YN, REG_ID, REG_DT, MOD_ID, MOD_DT)
values ('USER_STATUS', '02', 'en_us', 'en잠금상태', '1', 'SYSTEM', SYSDATE, 'SYSTEM', SYSDATE);

insert into TB_CM_CD_DTL_I18N (COM_GRP_CD, COM_CD, LANGUAGE_CD, CD_NM, USE_YN, REG_ID, REG_DT, MOD_ID, MOD_DT)
values ('USER_STATUS', '03', 'en_us', 'en비밀번호초기화', '1', 'SYSTEM', SYSDATE, 'SYSTEM', SYSDATE);

insert into TB_CM_CD_DTL_I18N (COM_GRP_CD, COM_CD, LANGUAGE_CD, CD_NM, USE_YN, REG_ID, REG_DT, MOD_ID, MOD_DT)
values ('USER_STATUS', '99', 'en_us', 'en사용안함', '1', 'SYSTEM', SYSDATE, 'SYSTEM', SYSDATE);

insert into TB_CM_CD_DTL_I18N (COM_GRP_CD, COM_CD, LANGUAGE_CD, CD_NM, USE_YN, REG_ID, REG_DT, MOD_ID, MOD_DT)
values ('BBS_SCP', '2', 'en_us', 'en전체', '1', 'SYSTEM', SYSDATE, 'SYSTEM', SYSDATE);

insert into TB_CM_CD_DTL_I18N (COM_GRP_CD, COM_CD, LANGUAGE_CD, CD_NM, USE_YN, REG_ID, REG_DT, MOD_ID, MOD_DT)
values ('LANG_CD', 'en_us', 'en_us', 'EN_US', '1', 'SYSTEM', SYSDATE, 'SYSTEM', SYSDATE);

insert into TB_CM_CD_DTL_I18N (COM_GRP_CD, COM_CD, LANGUAGE_CD, CD_NM, USE_YN, REG_ID, REG_DT, MOD_ID, MOD_DT)
values ('USER_STATUS', '01', 'ko_kr', '사용', '1', 'SYSTEM', SYSDATE, 'SYSTEM', SYSDATE);

insert into TB_CM_CD_DTL_I18N (COM_GRP_CD, COM_CD, LANGUAGE_CD, CD_NM, USE_YN, REG_ID, REG_DT, MOD_ID, MOD_DT)
values ('USER_STATUS', '02', 'ko_kr', '잠금상태', '1', 'SYSTEM', SYSDATE, 'SYSTEM', SYSDATE);

insert into TB_CM_CD_DTL_I18N (COM_GRP_CD, COM_CD, LANGUAGE_CD, CD_NM, USE_YN, REG_ID, REG_DT, MOD_ID, MOD_DT)
values ('USER_STATUS', '03', 'ko_kr', '비밀번호초기화', '1', 'SYSTEM', SYSDATE, 'SYSTEM', SYSDATE);

insert into TB_CM_CD_DTL_I18N (COM_GRP_CD, COM_CD, LANGUAGE_CD, CD_NM, USE_YN, REG_ID, REG_DT, MOD_ID, MOD_DT)
values ('USER_STATUS', '99', 'ko_kr', '사용안함', '1', 'SYSTEM', SYSDATE, 'SYSTEM', SYSDATE);

insert into TB_CM_CD_DTL_I18N (COM_GRP_CD, COM_CD, LANGUAGE_CD, CD_NM, USE_YN, REG_ID, REG_DT, MOD_ID, MOD_DT)
values ('BBS_SCP', '1', 'ko_kr', '전체', '1', 'SYSTEM', SYSDATE, 'SYSTEM', SYSDATE);

insert into TB_CM_CD_DTL_I18N (COM_GRP_CD, COM_CD, LANGUAGE_CD, CD_NM, USE_YN, REG_ID, REG_DT, MOD_ID, MOD_DT)
values ('BBS_SRCH_TP', 'TC', 'ko_kr', '제목 + 내용', '1', 'SYSTEM', SYSDATE, 'SYSTEM', SYSDATE);

insert into TB_CM_CD_DTL_I18N (COM_GRP_CD, COM_CD, LANGUAGE_CD, CD_NM, USE_YN, REG_ID, REG_DT, MOD_ID, MOD_DT)
values ('BBS_SRCH_TP', 'TT', 'ko_kr', '제목', '1', 'SYSTEM', SYSDATE, 'SYSTEM', SYSDATE);

insert into TB_CM_CD_DTL_I18N (COM_GRP_CD, COM_CD, LANGUAGE_CD, CD_NM, USE_YN, REG_ID, REG_DT, MOD_ID, MOD_DT)
values ('BBS_TP', 'ETC', 'ko_kr', 'kr기타', '1', 'SYSTEM', SYSDATE, 'SYSTEM', SYSDATE);

insert into TB_CM_CD_DTL_I18N (COM_GRP_CD, COM_CD, LANGUAGE_CD, CD_NM, USE_YN, REG_ID, REG_DT, MOD_ID, MOD_DT)
values ('BBS_TP', 'FAQ', 'ko_kr', 'krFAQ', '1', 'SYSTEM', SYSDATE, 'SYSTEM', SYSDATE);

insert into TB_CM_CD_DTL_I18N (COM_GRP_CD, COM_CD, LANGUAGE_CD, CD_NM, USE_YN, REG_ID, REG_DT, MOD_ID, MOD_DT)
values ('BBS_TP', 'NOTI', 'ko_kr', 'kr공지사항', '1', 'SYSTEM', SYSDATE, 'SYSTEM', SYSDATE);

insert into TB_CM_CD_DTL_I18N (COM_GRP_CD, COM_CD, LANGUAGE_CD, CD_NM, USE_YN, REG_ID, REG_DT, MOD_ID, MOD_DT)
values ('BBS_SCP', '2', 'ko_kr', '전체', '1', 'SYSTEM', SYSDATE, 'SYSTEM', SYSDATE);

insert into TB_CM_CD_DTL_I18N (COM_GRP_CD, COM_CD, LANGUAGE_CD, CD_NM, USE_YN, REG_ID, REG_DT, MOD_ID, MOD_DT)
values ('LANG_CD', 'en_us', 'ko_kr', '영어', '1', 'SYSTEM', SYSDATE, 'SYSTEM', SYSDATE);

insert into TB_CM_CD_DTL_I18N (COM_GRP_CD, COM_CD, LANGUAGE_CD, CD_NM, USE_YN, REG_ID, REG_DT, MOD_ID, MOD_DT)
values ('LANG_CD', 'ko_kr', 'en_us', 'KO_KR', '1', 'SYSTEM', SYSDATE, 'SYSTEM', SYSDATE);

insert into TB_CM_CD_DTL_I18N (COM_GRP_CD, COM_CD, LANGUAGE_CD, CD_NM, USE_YN, REG_ID, REG_DT, MOD_ID, MOD_DT)
values ('LANG_CD', 'ko_kr', 'ko_kr', '한국어', '1', 'SYSTEM', SYSDATE, 'SYSTEM', SYSDATE);

insert into TB_CM_CD_DTL_I18N (COM_GRP_CD, COM_CD, LANGUAGE_CD, CD_NM, USE_YN, REG_ID, REG_DT, MOD_ID, MOD_DT)
values ('TPL_TIMEZONE', 'Asia/Seoul', 'ko_kr', 'Asia/Seoul', '1', 'SYSTEM', SYSDATE, 'SYSTEM', SYSDATE);

insert into TB_CM_CD_DTL_I18N (COM_GRP_CD, COM_CD, LANGUAGE_CD, CD_NM, USE_YN, REG_ID, REG_DT, MOD_ID, MOD_DT)
values ('TPL_TIMEZONE', 'Asia/Seoul', 'en_us', 'Asia/Seoul', '1', 'SYSTEM', SYSDATE, 'SYSTEM', SYSDATE);

insert into TB_CM_CD_DTL_I18N (COM_GRP_CD, COM_CD, LANGUAGE_CD, CD_NM, USE_YN, REG_ID, REG_DT, MOD_ID, MOD_DT)
values ('TPL_TIMEZONE', 'UTC', 'ko_kr', 'UTC', '1', 'SYSTEM', SYSDATE, 'SYSTEM', SYSDATE);

insert into TB_CM_CD_DTL_I18N (COM_GRP_CD, COM_CD, LANGUAGE_CD, CD_NM, USE_YN, REG_ID, REG_DT, MOD_ID, MOD_DT)
values ('TPL_TIMEZONE', 'UTC', 'en_us', 'UTC', '1', 'SYSTEM', SYSDATE, 'SYSTEM', SYSDATE);

insert into TB_CM_CD_DTL_I18N (COM_GRP_CD, COM_CD, LANGUAGE_CD, CD_NM, USE_YN, REG_ID, REG_DT, MOD_ID, MOD_DT)
values ('TPL_TIMEZONE', 'US/Central', 'ko_kr', 'US/Central', '1', 'SYSTEM', SYSDATE, 'SYSTEM', SYSDATE);

insert into TB_CM_CD_DTL_I18N (COM_GRP_CD, COM_CD, LANGUAGE_CD, CD_NM, USE_YN, REG_ID, REG_DT, MOD_ID, MOD_DT)
values ('TPL_TIMEZONE', 'US/Central', 'en_us', 'US/Central', '1', 'SYSTEM', SYSDATE, 'SYSTEM', SYSDATE);

insert into TB_CM_CD_DTL_I18N (COM_GRP_CD, COM_CD, LANGUAGE_CD, CD_NM, USE_YN, REG_ID, REG_DT, MOD_ID, MOD_DT)
values ('TPL_TIMEZONE', 'Asia/Dubai', 'ko_kr', 'Asia/Dubai', '1', 'SYSTEM', SYSDATE, 'SYSTEM', SYSDATE);

insert into TB_CM_CD_DTL_I18N (COM_GRP_CD, COM_CD, LANGUAGE_CD, CD_NM, USE_YN, REG_ID, REG_DT, MOD_ID, MOD_DT)
values ('TPL_TIMEZONE', 'Asia/Dubai', 'en_us', 'Asia/Dubai', '1', 'SYSTEM', SYSDATE, 'SYSTEM', SYSDATE);

INSERT INTO tb_cm_cd_dtl_i18n
(com_grp_cd, com_cd, language_cd, cd_nm, use_yn, reg_id, reg_dt, mod_id, mod_dt)
VALUES('USE_YN', '1', 'ko_kr', '예', '1', 'SYSTEM', SYSDATE, 'SYSTEM', SYSDATE);
INSERT INTO tb_cm_cd_dtl_i18n
(com_grp_cd, com_cd, language_cd, cd_nm, use_yn, reg_id, reg_dt, mod_id, mod_dt)
VALUES('USE_YN', '1', 'en_us', 'en_us예', '1', 'SYSTEM', SYSDATE, 'SYSTEM', SYSDATE);
INSERT INTO tb_cm_cd_dtl_i18n
(com_grp_cd, com_cd, language_cd, cd_nm, use_yn, reg_id, reg_dt, mod_id, mod_dt)
VALUES('USE_YN', '0', 'ko_kr', '아니오', '1', 'SYSTEM', SYSDATE, 'SYSTEM', SYSDATE);
INSERT INTO tb_cm_cd_dtl_i18n
(com_grp_cd, com_cd, language_cd, cd_nm, use_yn, reg_id, reg_dt, mod_id, mod_dt)
VALUES('USE_YN', '0', 'en_us', 'en_us아니오', '1', 'SYSTEM', SYSDATE, 'SYSTEM', SYSDATE);


insert into TB_CM_CD_GRP (COM_GRP_CD, GRP_CD_NM, GRP_CD_DESC, USE_YN, RSV_STR1_VAL, RSV_STR2_VAL, RSV_STR3_VAL, RSV_STR4_VAL, RSV_STR5_VAL, RSV_STR6_VAL, RSV_STR7_VAL, RSV_STR8_VAL, RSV_NUM1_VAL, RSV_NUM2_VAL, RSV_NUM3_VAL, RSV_NUM4_VAL, RSV_NUM5_VAL, RSV_NUM6_VAL, RSV_NUM7_VAL, RSV_NUM8_VAL, REG_ID, REG_DT, MOD_ID, MOD_DT)
values ('USER_STATUS', '사용자 상태값', '사용자 구분 코드', '1', '', '', '', '', '', '', '', '', '', '', '', '', '', '', '', '', 'SYSTEM', SYSDATE, 'SYSTEM', SYSDATE);

insert into TB_CM_CD_GRP (COM_GRP_CD, GRP_CD_NM, GRP_CD_DESC, USE_YN, RSV_STR1_VAL, RSV_STR2_VAL, RSV_STR3_VAL, RSV_STR4_VAL, RSV_STR5_VAL, RSV_STR6_VAL, RSV_STR7_VAL, RSV_STR8_VAL, RSV_NUM1_VAL, RSV_NUM2_VAL, RSV_NUM3_VAL, RSV_NUM4_VAL, RSV_NUM5_VAL, RSV_NUM6_VAL, RSV_NUM7_VAL, RSV_NUM8_VAL, REG_ID, REG_DT, MOD_ID, MOD_DT)
values ('BBS_TP', '공지사항 게시 분류', '공지사항 게시 분류 코드', '1', '', '', '', '', '', '', '', '', '', '', '', '', '', '', '', '', 'SYSTEM', SYSDATE, 'SYSTEM', SYSDATE);

insert into TB_CM_CD_GRP (COM_GRP_CD, GRP_CD_NM, GRP_CD_DESC, USE_YN, RSV_STR1_VAL, RSV_STR2_VAL, RSV_STR3_VAL, RSV_STR4_VAL, RSV_STR5_VAL, RSV_STR6_VAL, RSV_STR7_VAL, RSV_STR8_VAL, RSV_NUM1_VAL, RSV_NUM2_VAL, RSV_NUM3_VAL, RSV_NUM4_VAL, RSV_NUM5_VAL, RSV_NUM6_VAL, RSV_NUM7_VAL, RSV_NUM8_VAL, REG_ID, REG_DT, MOD_ID, MOD_DT)
values ('BBS_SCP', '공지 대상', '공지사항 공지 대상 코드', '1', '', '', '', '', '', '', '', '', '', '', '', '', '', '', '', '', 'SYSTEM', SYSDATE, 'SYSTEM', SYSDATE);

insert into TB_CM_CD_GRP (COM_GRP_CD, GRP_CD_NM, GRP_CD_DESC, USE_YN, RSV_STR1_VAL, RSV_STR2_VAL, RSV_STR3_VAL, RSV_STR4_VAL, RSV_STR5_VAL, RSV_STR6_VAL, RSV_STR7_VAL, RSV_STR8_VAL, RSV_NUM1_VAL, RSV_NUM2_VAL, RSV_NUM3_VAL, RSV_NUM4_VAL, RSV_NUM5_VAL, RSV_NUM6_VAL, RSV_NUM7_VAL, RSV_NUM8_VAL, REG_ID, REG_DT, MOD_ID, MOD_DT)
values ('BBS_SRCH_TP', '공지사항 검색 구분', '공지사항 검색 구분 코드', '1', '', '', '', '', '', '', '', '', '', '', '', '', '', '', '', '', 'SYSTEM', SYSDATE, 'SYSTEM', SYSDATE);

insert into TB_CM_CD_GRP (COM_GRP_CD, GRP_CD_NM, GRP_CD_DESC, USE_YN, RSV_STR1_VAL, RSV_STR2_VAL, RSV_STR3_VAL, RSV_STR4_VAL, RSV_STR5_VAL, RSV_STR6_VAL, RSV_STR7_VAL, RSV_STR8_VAL, RSV_NUM1_VAL, RSV_NUM2_VAL, RSV_NUM3_VAL, RSV_NUM4_VAL, RSV_NUM5_VAL, RSV_NUM6_VAL, RSV_NUM7_VAL, RSV_NUM8_VAL, REG_ID, REG_DT, MOD_ID, MOD_DT)
values ('LANG_CD', '다국어', '언어코드', '1', '', '', '', '', '', '', '', '', '', '', '', '', '', '', '', '', 'SYSTEM', SYSDATE, 'SYSTEM', SYSDATE);

insert into TB_CM_CD_GRP (COM_GRP_CD, GRP_CD_NM, GRP_CD_DESC, USE_YN, RSV_STR1_VAL, RSV_STR2_VAL, RSV_STR3_VAL, RSV_STR4_VAL, RSV_STR5_VAL, RSV_STR6_VAL, RSV_STR7_VAL, RSV_STR8_VAL, RSV_NUM1_VAL, RSV_NUM2_VAL, RSV_NUM3_VAL, RSV_NUM4_VAL, RSV_NUM5_VAL, RSV_NUM6_VAL, RSV_NUM7_VAL, RSV_NUM8_VAL, REG_ID, REG_DT, MOD_ID, MOD_DT)
values ('TPL_TIMEZONE', '타임존', '타임존', '1', '', '', '', '', '', '', '', '', '', '', '', '', '', '', '', '', 'SYSTEM', SYSDATE, 'SYSTEM', SYSDATE);

INSERT INTO tb_cm_cd_grp
(com_grp_cd, grp_cd_nm, grp_cd_desc, use_yn, rsv_str1_val, rsv_str2_val, rsv_str3_val, rsv_str4_val, rsv_str5_val, rsv_str6_val, rsv_str7_val, rsv_str8_val, rsv_num1_val, rsv_num2_val, rsv_num3_val, rsv_num4_val, rsv_num5_val, rsv_num6_val, rsv_num7_val, rsv_num8_val, reg_id, reg_dt, mod_id, mod_dt)
VALUES('USE_YN', '사용 여부', '사용여부 구분 코드', '1', NULL, NULL, NULL, NULL, NULL, NULL, NULL, NULL, NULL, NULL, NULL, NULL, NULL, NULL, NULL, NULL, 'SYSTEM', SYSDATE, 'SYSTEM', SYSDATE);

insert into TB_CF_ALLOWED_IP (USER_ID, IP_ADDR, REASON, REG_ID, REG_DT)
values ('devadmin01', '127.0.0.1', '', 'SYSTEM', SYSDATE);

insert into TB_CF_AUTH (USER_ID, AUTHORITY, REG_ID, REG_DT)
values ('devadmin01', 'ROLE_ADMIN', 'SYSTEM', SYSDATE);

insert into TB_CF_AUTH (USER_ID, AUTHORITY, REG_ID, REG_DT)
values ('devadmin01', 'BBS_ADMIN', 'SYSTEM', SYSDATE);

insert into TB_CF_MENU (MENU_ID, MENU_NM, MENU_URL, DESCRIPTION, SORT_ORDER, UPPER_MENU_ID, IS_POPUP, REF_MENU_ID, MENU_YN, USE_YN, REG_ID, REG_DT)
values('FO_MGT_TPL_0206', '파일업로드 - 파일경로조회', '/comfunc/func/file/getFilePath', '', 9208, 'FO_MGT_TPL_02', '0', '', '0', '1', 'SYSTEM', SYSDATE);

insert into TB_CF_MENU (MENU_ID, MENU_NM, MENU_URL, DESCRIPTION, SORT_ORDER, UPPER_MENU_ID, IS_POPUP, REF_MENU_ID, MENU_YN, USE_YN, REG_ID, REG_DT)
values('FO_MGT_TPL_0207', '파일업로드 - 그룹넘버조회', '/comfunc/func/file/getNewGrpNo', '', 9209, 'FO_MGT_TPL_02', '0', '', '0', '1', 'SYSTEM', SYSDATE);

insert into TB_CF_MENU (MENU_ID, MENU_NM, MENU_URL, DESCRIPTION, SORT_ORDER, UPPER_MENU_ID, IS_POPUP, REF_MENU_ID, MENU_YN, USE_YN, REG_ID, REG_DT)
values('FO_MGT_TPL_0208', '파일업로드 - 파일목록복사', '/comfunc/func/file/saveFileList', '', 9210, 'FO_MGT_TPL_02', '0', '', '0', '1', 'SYSTEM', SYSDATE);

insert into TB_CF_MENU (MENU_ID, MENU_NM, MENU_URL, DESCRIPTION, SORT_ORDER, UPPER_MENU_ID, IS_POPUP, REF_MENU_ID, MENU_YN, USE_YN, REG_ID, REG_DT)
values('FO_MGT_TPL_0701', '대량데이터처리 - 조회', '/comfunc/func/largedata/search', '', 9220, 'FO_MGT_TPL_07', '0', '', '0', '1', 'SYSTEM', SYSDATE);

insert into TB_CF_MENU (MENU_ID, MENU_NM, MENU_URL, DESCRIPTION, SORT_ORDER, UPPER_MENU_ID, IS_POPUP, REF_MENU_ID, MENU_YN, USE_YN, REG_ID, REG_DT)
values('FO_MGT_TPL_0702', '대량데이터처리 - 엑셀', '/comfunc/func/largedata/excel', '', 9221, 'FO_MGT_TPL_07', '0', '', '0', '1', 'SYSTEM', SYSDATE);

insert into TB_CF_MENU (MENU_ID, MENU_NM, MENU_URL, DESCRIPTION, SORT_ORDER, UPPER_MENU_ID, IS_POPUP, REF_MENU_ID, MENU_YN, USE_YN, REG_ID, REG_DT)
values('FO_MGT_STD_0503', '권한별 메뉴관리 - 복사', '/sysmgt/func/rolesmappingmenu/copy', '', 9122, 'FO_MGT_STD_05', '0', '', '0', '1', 'SYSTEM', SYSDATE);

insert into TB_CF_MENU (MENU_ID, MENU_NM, MENU_URL, DESCRIPTION, SORT_ORDER, UPPER_MENU_ID, IS_POPUP, REF_MENU_ID, MENU_YN, USE_YN, REG_ID, REG_DT)
values('FO_MGT_TPL_0104', '사원조회팝업-조회', '/comfunc/func/popup/emp/getData', NULL, 9234, 'FO_MGT_TPL_01', '0', NULL, '0', '1', 'SYSTEM', SYSDATE);

insert into TB_CF_MENU (MENU_ID, MENU_NM, MENU_URL, DESCRIPTION, SORT_ORDER, UPPER_MENU_ID, IS_POPUP, REF_MENU_ID, MENU_YN, USE_YN, REG_ID, REG_DT)
values('FO_MGT_STD_1301', '시스템 예외 이력 - 조회', '/sysmgt/func/exc/excLog/search', '', 9149, 'FO_MGT_STD_13', '0', '', '0', '1', 'SYSTEM', SYSDATE);

insert into TB_CF_MENU (MENU_ID, MENU_NM, MENU_URL, DESCRIPTION, SORT_ORDER, UPPER_MENU_ID, IS_POPUP, REF_MENU_ID, MENU_YN, USE_YN, REG_ID, REG_DT)
values('FO_MGT_STD_0302', '메뉴 다국어관리 - 저장', '/sysmgt/func/menuI18N/save', '', 9115, 'FO_MGT_STD_03', '0', '', '0', '1', 'SYSTEM', SYSDATE);

insert into TB_CF_MENU (MENU_ID, MENU_NM, MENU_URL, DESCRIPTION, SORT_ORDER, UPPER_MENU_ID, IS_POPUP, REF_MENU_ID, MENU_YN, USE_YN, REG_ID, REG_DT)
values('FO_MGT_STD_120501', '공지사항 등록(팝업) - 조회', '/comfunc/func/bbs/bbsAdminRegPop/searchFile', '', 9191, 'FO_MGT_STD_12', '0', '', '0', '1', 'SYSTEM', SYSDATE);

insert into TB_CF_MENU (MENU_ID, MENU_NM, MENU_URL, DESCRIPTION, SORT_ORDER, UPPER_MENU_ID, IS_POPUP, REF_MENU_ID, MENU_YN, USE_YN, REG_ID, REG_DT)
values('FO_MGT_STD_1701', '공통코드 다국어관리 - 공통그룹코드 조회', '/sysmgt/func/commoncodeI18N/searchGroupCd', '', 9107, 'FO_MGT_STD_17', '0', '', '0', '1', 'SYSTEM', SYSDATE);

insert into TB_CF_MENU (MENU_ID, MENU_NM, MENU_URL, DESCRIPTION, SORT_ORDER, UPPER_MENU_ID, IS_POPUP, REF_MENU_ID, MENU_YN, USE_YN, REG_ID, REG_DT)
values('FO_MGT_STD_1702', '공통코드 다국어관리 - 공통코드 조회', '/sysmgt/func/commoncodeI18N/searchCommonCd', '', 9108, 'FO_MGT_STD_17', '0', '', '0', '1', 'SYSTEM', SYSDATE);

insert into TB_CF_MENU (MENU_ID, MENU_NM, MENU_URL, DESCRIPTION, SORT_ORDER, UPPER_MENU_ID, IS_POPUP, REF_MENU_ID, MENU_YN, USE_YN, REG_ID, REG_DT)
values('FO_MGT_STD_1703', '공통코드 다국어관리 - 저장', '/sysmgt/func/commoncodeI18N/save', '', 9109, 'FO_MGT_STD_17', '0', '', '0', '1', 'SYSTEM', SYSDATE);

insert into TB_CF_MENU (MENU_ID, MENU_NM, MENU_URL, DESCRIPTION, SORT_ORDER, UPPER_MENU_ID, IS_POPUP, REF_MENU_ID, MENU_YN, USE_YN, REG_ID, REG_DT)
values('FO_MGT_TPL_0205', '팝업 즐겨찾기 - 저장', '/comfunc/func/popup/favorite/save', '', 9207, 'FO_MGT_TPL_02', '0', '', '0', '1', 'SYSTEM', SYSDATE);

insert into TB_CF_MENU (MENU_ID, MENU_NM, MENU_URL, DESCRIPTION, SORT_ORDER, UPPER_MENU_ID, IS_POPUP, REF_MENU_ID, MENU_YN, USE_YN, REG_ID, REG_DT)
values('FO_MGT_TPL_0401', '메일 - 템플릿 메일 보내기', '/comfunc/func/mail/sendSimpleMail', '', 9216, 'FO_MGT_TPL_04', '0', '', '0', '1', 'SYSTEM', SYSDATE);

insert into TB_CF_MENU (MENU_ID, MENU_NM, MENU_URL, DESCRIPTION, SORT_ORDER, UPPER_MENU_ID, IS_POPUP, REF_MENU_ID, MENU_YN, USE_YN, REG_ID, REG_DT)
values('FO_MGT_TPL_0402', '메일 - 메일 보내기', '/comfunc/func/mail/sendMail', '', 9215, 'FO_MGT_TPL_04', '0', '', '0', '1', 'SYSTEM', SYSDATE);

insert into TB_CF_MENU (MENU_ID, MENU_NM, MENU_URL, DESCRIPTION, SORT_ORDER, UPPER_MENU_ID, IS_POPUP, REF_MENU_ID, MENU_YN, USE_YN, REG_ID, REG_DT)
values('FO_MGT_STD_1201', '공지사항 - 조회', '/comfunc/func/bbs/bbsUserView/search', '', 9183, 'FO_MGT_STD_12', '0', '', '0', '1', 'SYSTEM', SYSDATE);

insert into TB_CF_MENU (MENU_ID, MENU_NM, MENU_URL, DESCRIPTION, SORT_ORDER, UPPER_MENU_ID, IS_POPUP, REF_MENU_ID, MENU_YN, USE_YN, REG_ID, REG_DT)
values('FO_MGT_STD_1202', '공지사항 관리자 - 조회', '/comfunc/func/bbs/bbsAdminMng/search', '', 9184, 'FO_MGT_STD_12', '0', '', '0', '1', 'SYSTEM', SYSDATE);

insert into TB_CF_MENU (MENU_ID, MENU_NM, MENU_URL, DESCRIPTION, SORT_ORDER, UPPER_MENU_ID, IS_POPUP, REF_MENU_ID, MENU_YN, USE_YN, REG_ID, REG_DT)
values('FO_MGT_STD_1206', '관리자권한 조회(SPA)', '/comfunc/func/bbs/bbsAdminMng/adminCheck', '', 9184, 'FO_MGT_STD_12', '0', '', '0', '1', 'SYSTEM', SYSDATE);

insert into TB_CF_MENU (MENU_ID, MENU_NM, MENU_URL, DESCRIPTION, SORT_ORDER, UPPER_MENU_ID, IS_POPUP, REF_MENU_ID, MENU_YN, USE_YN, REG_ID, REG_DT)
values('FO_MGT_TPL_0204', '팝업 즐겨찾기 - 조회', '/comfunc/func/popup/favorite/list', '', 9206, 'FO_MGT_TPL_02', '0', '', '0', '1', 'SYSTEM', SYSDATE);

insert into TB_CF_MENU (MENU_ID, MENU_NM, MENU_URL, DESCRIPTION, SORT_ORDER, UPPER_MENU_ID, IS_POPUP, REF_MENU_ID, MENU_YN, USE_YN, REG_ID, REG_DT)
values('FO_MGT_STD_1302', '시스템 예외 이력 - Exception Log 조회', '/sysmgt/func/exc/excLog/searchExcLog', '', 9150, 'FO_MGT_STD_13', '0', '', '0', '1', 'SYSTEM', SYSDATE);

insert into TB_CF_MENU (MENU_ID, MENU_NM, MENU_URL, DESCRIPTION, SORT_ORDER, UPPER_MENU_ID, IS_POPUP, REF_MENU_ID, MENU_YN, USE_YN, REG_ID, REG_DT)
values('FO_MGT', '시스템관리', '/sysmgt', '', 9100, NULL, '0', '', '1', '1', 'SYSTEM', SYSDATE);

insert into TB_CF_MENU (MENU_ID, MENU_NM, MENU_URL, DESCRIPTION, SORT_ORDER, UPPER_MENU_ID, IS_POPUP, REF_MENU_ID, MENU_YN, USE_YN, REG_ID, REG_DT)
values('FO_MGT_STD_120502', '공지사항 등록(팝업) - 저장', '/comfunc/func/bbs/bbsAdminRegPop/save', '', 9192, 'FO_MGT_STD_12', '0', '', '0', '1', 'SYSTEM', SYSDATE);

insert into TB_CF_MENU (MENU_ID, MENU_NM, MENU_URL, DESCRIPTION, SORT_ORDER, UPPER_MENU_ID, IS_POPUP, REF_MENU_ID, MENU_YN, USE_YN, REG_ID, REG_DT)
values('FO_MGT_STD_0201', '메뉴관리 - 조회', '/sysmgt/func/menu/list', '', 9111, 'FO_MGT_STD_02', '0', '', '0', '1', 'SYSTEM', SYSDATE);

insert into TB_CF_MENU (MENU_ID, MENU_NM, MENU_URL, DESCRIPTION, SORT_ORDER, UPPER_MENU_ID, IS_POPUP, REF_MENU_ID, MENU_YN, USE_YN, REG_ID, REG_DT)
values('FO_MGT_STD_0202', '메뉴관리 - 저장', '/sysmgt/func/menu/save', '', 9112, 'FO_MGT_STD_02', '0', '', '0', '1', 'SYSTEM', SYSDATE);

insert into TB_CF_MENU (MENU_ID, MENU_NM, MENU_URL, DESCRIPTION, SORT_ORDER, UPPER_MENU_ID, IS_POPUP, REF_MENU_ID, MENU_YN, USE_YN, REG_ID, REG_DT)
values('FO_MGT_STD_120503', '공지사항 등록(팝업) - 삭제', '/comfunc/func/bbs/bbsAdminRegPop/delete', '', 9193, 'FO_MGT_STD_12', '0', '', '0', '1', 'SYSTEM', SYSDATE);

insert into TB_CF_MENU (MENU_ID, MENU_NM, MENU_URL, DESCRIPTION, SORT_ORDER, UPPER_MENU_ID, IS_POPUP, REF_MENU_ID, MENU_YN, USE_YN, REG_ID, REG_DT)
values('FO_MGT_STD_0401', '권한관리 - 조회', '/sysmgt/func/roles/list', '', 9117, 'FO_MGT_STD_04', '0', '', '0', '1', 'SYSTEM', SYSDATE);

insert into TB_CF_MENU (MENU_ID, MENU_NM, MENU_URL, DESCRIPTION, SORT_ORDER, UPPER_MENU_ID, IS_POPUP, REF_MENU_ID, MENU_YN, USE_YN, REG_ID, REG_DT)
values('FO_MGT_STD_0402', '권한관리 - 저장', '/sysmgt/func/roles/save', '', 9118, 'FO_MGT_STD_04', '0', '', '0', '1', 'SYSTEM', SYSDATE);

insert into TB_CF_MENU (MENU_ID, MENU_NM, MENU_URL, DESCRIPTION, SORT_ORDER, UPPER_MENU_ID, IS_POPUP, REF_MENU_ID, MENU_YN, USE_YN, REG_ID, REG_DT)
values('FO_MGT_STD_120504', '공지사항 등록(팝업) - 범위 조회', '/comfunc/func/bbs/bbsAdminRegPop/getScopeTp', '', 9194, 'FO_MGT_STD_12', '0', '', '0', '1', 'SYSTEM', SYSDATE);

insert into TB_CF_MENU (MENU_ID, MENU_NM, MENU_URL, DESCRIPTION, SORT_ORDER, UPPER_MENU_ID, IS_POPUP, REF_MENU_ID, MENU_YN, USE_YN, REG_ID, REG_DT)
values('FO_MGT_STD_0501', '권한별 메뉴관리 - 조회', '/sysmgt/func/rolesmappingmenu/list', '', 9120, 'FO_MGT_STD_05', '0', '', '0', '1', 'SYSTEM', SYSDATE);

insert into TB_CF_MENU (MENU_ID, MENU_NM, MENU_URL, DESCRIPTION, SORT_ORDER, UPPER_MENU_ID, IS_POPUP, REF_MENU_ID, MENU_YN, USE_YN, REG_ID, REG_DT)
values('FO_MGT_STD_0502', '권한별 메뉴관리 - 저장', '/sysmgt/func/rolesmappingmenu/save', '', 9121, 'FO_MGT_STD_05', '0', '', '0', '1', 'SYSTEM', SYSDATE);

insert into TB_CF_MENU (MENU_ID, MENU_NM, MENU_URL, DESCRIPTION, SORT_ORDER, UPPER_MENU_ID, IS_POPUP, REF_MENU_ID, MENU_YN, USE_YN, REG_ID, REG_DT)
values('FO_MGT_STD_120505', '공지사항 등록(팝업) - 조회', '/comfunc/func/bbs/bbsAdminRegPop/search', '', 9195, 'FO_MGT_STD_12', '0', '', '0', '1', 'SYSTEM', SYSDATE);

insert into TB_CF_MENU (MENU_ID, MENU_NM, MENU_URL, DESCRIPTION, SORT_ORDER, UPPER_MENU_ID, IS_POPUP, REF_MENU_ID, MENU_YN, USE_YN, REG_ID, REG_DT)
values('FO_MGT_STD_0601', '권한별 사용자관리 - 조회', '/sysmgt/func/rolesmappingusers/list', '', 9124, 'FO_MGT_STD_06', '0', '', '0', '1', 'SYSTEM', SYSDATE);

insert into TB_CF_MENU (MENU_ID, MENU_NM, MENU_URL, DESCRIPTION, SORT_ORDER, UPPER_MENU_ID, IS_POPUP, REF_MENU_ID, MENU_YN, USE_YN, REG_ID, REG_DT)
values('FO_MGT_STD_0602', '권한별 사용자관리 - 저장', '/sysmgt/func/rolesmappingusers/save', '', 9125, 'FO_MGT_STD_06', '0', '', '0', '1', 'SYSTEM', SYSDATE);

insert into TB_CF_MENU (MENU_ID, MENU_NM, MENU_URL, DESCRIPTION, SORT_ORDER, UPPER_MENU_ID, IS_POPUP, REF_MENU_ID, MENU_YN, USE_YN, REG_ID, REG_DT)
values('FO_MGT_STD_120401', '공지사항 업무용(팝업) - 조회', '/comfunc/func/bbs/bbsUserViewPop/search', '', 9189, 'FO_MGT_STD_12', '0', '', '0', '1', 'SYSTEM', SYSDATE);

insert into TB_CF_MENU (MENU_ID, MENU_NM, MENU_URL, DESCRIPTION, SORT_ORDER, UPPER_MENU_ID, IS_POPUP, REF_MENU_ID, MENU_YN, USE_YN, REG_ID, REG_DT)
values('FO_MGT_STD_0703', '사용자 접속기록 - 조회', '/sysmgt/func/main/getLoginLogOutList', '', 9134, 'FO_MGT_STD_07', '0', '', '0', '1', 'SYSTEM', SYSDATE);

insert into TB_CF_MENU (MENU_ID, MENU_NM, MENU_URL, DESCRIPTION, SORT_ORDER, UPPER_MENU_ID, IS_POPUP, REF_MENU_ID, MENU_YN, USE_YN, REG_ID, REG_DT)
values('FO_MGT_STD_0701', '사용자관리 - 조회', '/sysmgt/func/users/list', '', 9132, 'FO_MGT_STD_07', '0', '', '0', '1', 'SYSTEM', SYSDATE);

insert into TB_CF_MENU (MENU_ID, MENU_NM, MENU_URL, DESCRIPTION, SORT_ORDER, UPPER_MENU_ID, IS_POPUP, REF_MENU_ID, MENU_YN, USE_YN, REG_ID, REG_DT)
values('FO_MGT_STD_0702', '사용자관리 - 저장', '/sysmgt/func/users/save', '', 9133, 'FO_MGT_STD_07', '0', '', '0', '1', 'SYSTEM', SYSDATE);

insert into TB_CF_MENU (MENU_ID, MENU_NM, MENU_URL, DESCRIPTION, SORT_ORDER, UPPER_MENU_ID, IS_POPUP, REF_MENU_ID, MENU_YN, USE_YN, REG_ID, REG_DT)
values('FO_MGT_STD_120301', '공지사항 로그인 후(팝업) - 조회', '/comfunc/func/bbs/bbsAdminMainPop/search', '', 9186, 'FO_MGT_STD_12', '0', '', '0', '1', 'SYSTEM', SYSDATE);

insert into TB_CF_MENU (MENU_ID, MENU_NM, MENU_URL, DESCRIPTION, SORT_ORDER, UPPER_MENU_ID, IS_POPUP, REF_MENU_ID, MENU_YN, USE_YN, REG_ID, REG_DT)
values('FO_MGT_STD_02', '메뉴관리', '/sysmgt/func/menu', '', 9110, 'FO_MGT_STD', '0', '', '1', '1', 'SYSTEM', SYSDATE);

insert into TB_CF_MENU (MENU_ID, MENU_NM, MENU_URL, DESCRIPTION, SORT_ORDER, UPPER_MENU_ID, IS_POPUP, REF_MENU_ID, MENU_YN, USE_YN, REG_ID, REG_DT)
values('FO_MGT_STD_120302', '공지사항 로그인 후(팝업) - 목록 조회', '/comfunc/func/bbs/bbsAdminMainPop/getBbsList', '', 9187, 'FO_MGT_STD_12', '0', '', '0', '1', 'SYSTEM', SYSDATE);

insert into TB_CF_MENU (MENU_ID, MENU_NM, MENU_URL, DESCRIPTION, SORT_ORDER, UPPER_MENU_ID, IS_POPUP, REF_MENU_ID, MENU_YN, USE_YN, REG_ID, REG_DT)
values('FO_MGT_TPL_07', '대량데이터처리', '/comfunc/func/largedata', '', 9219, 'FO_MGT_TPL', '0', '', '1', '1', 'SYSTEM', SYSDATE);

insert into TB_CF_MENU (MENU_ID, MENU_NM, MENU_URL, DESCRIPTION, SORT_ORDER, UPPER_MENU_ID, IS_POPUP, REF_MENU_ID, MENU_YN, USE_YN, REG_ID, REG_DT)
values('FO_MGT_STD_12', '공지사항', '/comfunc/func/bbsAdminMng', '', 9182, 'FO_MGT_TPL', '0', '', '1', '1', 'SYSTEM', SYSDATE);

insert into TB_CF_MENU (MENU_ID, MENU_NM, MENU_URL, DESCRIPTION, SORT_ORDER, UPPER_MENU_ID, IS_POPUP, REF_MENU_ID, MENU_YN, USE_YN, REG_ID, REG_DT)
values('FO_MGT_STD', '기본관리', '/sysmgt/func', '', 9101, 'FO_MGT', '0', '', '1', '1', 'SYSTEM', SYSDATE);

insert into TB_CF_MENU (MENU_ID, MENU_NM, MENU_URL, DESCRIPTION, SORT_ORDER, UPPER_MENU_ID, IS_POPUP, REF_MENU_ID, MENU_YN, USE_YN, REG_ID, REG_DT)
values('FO_MGT_STD_1001', 'IP허용 예외관리 - 조회', '/sysmgt/func/ipallow/list', '', 9143, 'FO_MGT_STD_10', '0', '', '0', '1', 'SYSTEM', SYSDATE);

insert into TB_CF_MENU (MENU_ID, MENU_NM, MENU_URL, DESCRIPTION, SORT_ORDER, UPPER_MENU_ID, IS_POPUP, REF_MENU_ID, MENU_YN, USE_YN, REG_ID, REG_DT)
values('FO_MGT_STD_1002', 'IP허용 예외관리 - 저장', '/sysmgt/func/ipallow/save', '', 9144, 'FO_MGT_STD_10', '0', '', '0', '1', 'SYSTEM', SYSDATE);

insert into TB_CF_MENU (MENU_ID, MENU_NM, MENU_URL, DESCRIPTION, SORT_ORDER, UPPER_MENU_ID, IS_POPUP, REF_MENU_ID, MENU_YN, USE_YN, REG_ID, REG_DT)
values('FO_MGT_STD_0801', '배치 수행 이력 - 조회', '/sysmgt/func/batch/search', '', 9136, 'FO_MGT_STD_08', '0', '', '0', '1', 'SYSTEM', SYSDATE);

insert into TB_CF_MENU (MENU_ID, MENU_NM, MENU_URL, DESCRIPTION, SORT_ORDER, UPPER_MENU_ID, IS_POPUP, REF_MENU_ID, MENU_YN, USE_YN, REG_ID, REG_DT)
values('FO_MGT_STD_0802', 'Job Execution Id - 조회', '/sysmgt/func/batch/searchStep', '', 9137, 'FO_MGT_STD_08', '0', '', '0', '1', 'SYSTEM', SYSDATE);

insert into TB_CF_MENU (MENU_ID, MENU_NM, MENU_URL, DESCRIPTION, SORT_ORDER, UPPER_MENU_ID, IS_POPUP, REF_MENU_ID, MENU_YN, USE_YN, REG_ID, REG_DT)
values('FO_MGT_STD_0803', 'Job Step MSG - 조회', '/sysmgt/func/batch/searchStepMSG', '', 9138, 'FO_MGT_STD_08', '0', '', '0', '1', 'SYSTEM', SYSDATE);

insert into TB_CF_MENU (MENU_ID, MENU_NM, MENU_URL, DESCRIPTION, SORT_ORDER, UPPER_MENU_ID, IS_POPUP, REF_MENU_ID, MENU_YN, USE_YN, REG_ID, REG_DT)
values('FO_MGT_TPL_0301', '엑셀 - 다운로드', '/comfunc/func/excel/download/xlsx', '', 9212, 'FO_MGT_TPL_03', '0', '', '0', '1', 'SYSTEM', SYSDATE);

insert into TB_CF_MENU (MENU_ID, MENU_NM, MENU_URL, DESCRIPTION, SORT_ORDER, UPPER_MENU_ID, IS_POPUP, REF_MENU_ID, MENU_YN, USE_YN, REG_ID, REG_DT)
values('FO_MGT_TPL_0302', '엑셀 - 업로드', '/comfunc/func/excel/excelUpload', '', 9213, 'FO_MGT_TPL_03', '0', '', '0', '1', 'SYSTEM', SYSDATE);

insert into TB_CF_MENU (MENU_ID, MENU_NM, MENU_URL, DESCRIPTION, SORT_ORDER, UPPER_MENU_ID, IS_POPUP, REF_MENU_ID, MENU_YN, USE_YN, REG_ID, REG_DT)
values('FO_MGT_TPL_0202', '파일업로드 - 저장', '/comfunc/func/file/save', '', 9204, 'FO_MGT_TPL_02', '0', '', '0', '1', 'SYSTEM', SYSDATE);

insert into TB_CF_MENU (MENU_ID, MENU_NM, MENU_URL, DESCRIPTION, SORT_ORDER, UPPER_MENU_ID, IS_POPUP, REF_MENU_ID, MENU_YN, USE_YN, REG_ID, REG_DT)
values('FO_MGT_TPL_0203', '파일업로드 - 파일다운로드', '/comfunc/func/file/downloadFile', '', 9205, 'FO_MGT_TPL_02', '0', '', '0', '1', 'SYSTEM', SYSDATE);

insert into TB_CF_MENU (MENU_ID, MENU_NM, MENU_URL, DESCRIPTION, SORT_ORDER, UPPER_MENU_ID, IS_POPUP, REF_MENU_ID, MENU_YN, USE_YN, REG_ID, REG_DT)
values('FO_MGT_TPL_0201', '파일업로드 - 조회', '/comfunc/func/file/search', '', 9203, 'FO_MGT_TPL_02', '0', '', '0', '1', 'SYSTEM', SYSDATE);

insert into TB_CF_MENU (MENU_ID, MENU_NM, MENU_URL, DESCRIPTION, SORT_ORDER, UPPER_MENU_ID, IS_POPUP, REF_MENU_ID, MENU_YN, USE_YN, REG_ID, REG_DT)
values('FO_MGT_STD_0101', '공통그룹코드 - 조회', '/sysmgt/func/commoncode/searchGroupCd', '', 9103, 'FO_MGT_STD_01', '0', '', '0', '1', 'SYSTEM', SYSDATE);

insert into TB_CF_MENU (MENU_ID, MENU_NM, MENU_URL, DESCRIPTION, SORT_ORDER, UPPER_MENU_ID, IS_POPUP, REF_MENU_ID, MENU_YN, USE_YN, REG_ID, REG_DT)
values('FO_MGT_STD_0102', '공통코드 - 조회', '/sysmgt/func/commoncode/searchCommonCd', '', 9104, 'FO_MGT_STD_01', '0', '', '0', '1', 'SYSTEM', SYSDATE);

insert into TB_CF_MENU (MENU_ID, MENU_NM, MENU_URL, DESCRIPTION, SORT_ORDER, UPPER_MENU_ID, IS_POPUP, REF_MENU_ID, MENU_YN, USE_YN, REG_ID, REG_DT)
values('FO_MGT_STD_0103', '저장', '/sysmgt/func/commoncode/save', '', 9105, 'FO_MGT_STD_01', '0', '', '0', '1', 'SYSTEM', SYSDATE);

insert into TB_CF_MENU (MENU_ID, MENU_NM, MENU_URL, DESCRIPTION, SORT_ORDER, UPPER_MENU_ID, IS_POPUP, REF_MENU_ID, MENU_YN, USE_YN, REG_ID, REG_DT)
values('FO_MGT_STD_0301', '메뉴 다국어관리 - 조회', '/sysmgt/func/menuI18N/list', '', 9114, 'FO_MGT_STD_03', '0', '', '0', '1', 'SYSTEM', SYSDATE);

insert into TB_CF_MENU (MENU_ID, MENU_NM, MENU_URL, DESCRIPTION, SORT_ORDER, UPPER_MENU_ID, IS_POPUP, REF_MENU_ID, MENU_YN, USE_YN, REG_ID, REG_DT)
values('BIZ_SAMPLE_MENU', '샘플중메뉴', '/sample/depth', '', 8100, 'BIZ_SAMPLE', '0', '', '1', '1', 'SYSTEM', SYSDATE);

insert into TB_CF_MENU (MENU_ID, MENU_NM, MENU_URL, DESCRIPTION, SORT_ORDER, UPPER_MENU_ID, IS_POPUP, REF_MENU_ID, MENU_YN, USE_YN, REG_ID, REG_DT)
values('FO_MGT_STD_03', '메뉴 다국어관리', '/sysmgt/func/menui18n', '', 9113, 'FO_MGT_STD', '0', '', '1', '1', 'SYSTEM', SYSDATE);

insert into TB_CF_MENU (MENU_ID, MENU_NM, MENU_URL, DESCRIPTION, SORT_ORDER, UPPER_MENU_ID, IS_POPUP, REF_MENU_ID, MENU_YN, USE_YN, REG_ID, REG_DT)
values('FO_MGT_STD_0203', '메뉴관리 - 사용자메뉴조회', '/common/main/menulist', '', 9112, 'FO_MGT_STD_02', '0', '', '0', '1', 'SYSTEM', SYSDATE);

insert into TB_CF_MENU (MENU_ID, MENU_NM, MENU_URL, DESCRIPTION, SORT_ORDER, UPPER_MENU_ID, IS_POPUP, REF_MENU_ID, MENU_YN, USE_YN, REG_ID, REG_DT)
values('FO_MGT_TPL_0209', '파일업로드 페이지 - 조회 ', '/comfunc/func/filePage/search', '', 9210, 'FO_MGT_TPL_02', '0', '', '0', '1', 'SYSTEM', SYSDATE);

insert into TB_CF_MENU (MENU_ID, MENU_NM, MENU_URL, DESCRIPTION, SORT_ORDER, UPPER_MENU_ID, IS_POPUP, REF_MENU_ID, MENU_YN, USE_YN, REG_ID, REG_DT)
values('FO_MGT_TPL_0210', '파일업로드 페이지 - 저장', '/comfunc/func/filePage/save', '', 9210, 'FO_MGT_TPL_02', '0', '', '0', '1', 'SYSTEM', SYSDATE);

insert into TB_CF_MENU (MENU_ID, MENU_NM, MENU_URL, DESCRIPTION, SORT_ORDER, UPPER_MENU_ID, IS_POPUP, REF_MENU_ID, MENU_YN, USE_YN, REG_ID, REG_DT)
values('FO_MGT_TPL_1201', '페이징-네비게이션 조회', '/comfunc/func/paging/navi/list', '', 9241, 'FO_MGT_TPL_12', '0', '', '0', '1', 'SYSTEM', SYSDATE);

insert into TB_CF_MENU (MENU_ID, MENU_NM, MENU_URL, DESCRIPTION, SORT_ORDER, UPPER_MENU_ID, IS_POPUP, REF_MENU_ID, MENU_YN, USE_YN, REG_ID, REG_DT)
values('FO_MGT_TPL_1202', '페이징-스크롤 조회', '/comfunc/func/paging/scroll/list', '', 9242, 'FO_MGT_TPL_12', '0', '', '0', '1', 'SYSTEM', SYSDATE);

insert into TB_CF_MENU (MENU_ID, MENU_NM, MENU_URL, DESCRIPTION, SORT_ORDER, UPPER_MENU_ID, IS_POPUP, REF_MENU_ID, MENU_YN, USE_YN, REG_ID, REG_DT)
values('FO_MGT_TPL_1301', '타임존-조회', '/comfunc/func/timezone/list', '', 9251, 'FO_MGT_TPL_13', '0', '', '0', '1', 'SYSTEM', SYSDATE);

insert into TB_CF_MENU (MENU_ID, MENU_NM, MENU_URL, DESCRIPTION, SORT_ORDER, UPPER_MENU_ID, IS_POPUP, REF_MENU_ID, MENU_YN, USE_YN, REG_ID, REG_DT)
values('FO_TPL', '공통기능', '/comfunc', '', 9180, NULL, '0', '', '1', '1', 'SYSTEM', SYSDATE);

insert into TB_CF_MENU (MENU_ID, MENU_NM, MENU_URL, DESCRIPTION, SORT_ORDER, UPPER_MENU_ID, IS_POPUP, REF_MENU_ID, MENU_YN, USE_YN, REG_ID, REG_DT)
values('FO_MGT_STD_0603', '권한별 사용자관리 - 사용자조회', '/sysmgt/func/rolesmappingusers/userList', '', 9125, 'FO_MGT_STD_06', '0', '', '0', '1', 'SYSTEM', SYSDATE);

insert into TB_CF_MENU (MENU_ID, MENU_NM, MENU_URL, DESCRIPTION, SORT_ORDER, UPPER_MENU_ID, IS_POPUP, REF_MENU_ID, MENU_YN, USE_YN, REG_ID, REG_DT)
values('FO_MGT_STD_0403', '권한관리 - 사용자권한조회', '/sysmgt/func/roles/userRoleList', '', 9118, 'FO_MGT_STD_04', '0', '', '0', '1', 'SYSTEM', SYSDATE);

insert into TB_CF_MENU (MENU_ID, MENU_NM, MENU_URL, DESCRIPTION, SORT_ORDER, UPPER_MENU_ID, IS_POPUP, REF_MENU_ID, MENU_YN, USE_YN, REG_ID, REG_DT)
values('FO_SAM_TPL_01', '입력 샘플', '/comfunc/sample/inputSample', '', 9401, 'FO_SAM_TPL', '0', '', '1', '1', 'SYSTEM', SYSDATE);

insert into TB_CF_MENU (MENU_ID, MENU_NM, MENU_URL, DESCRIPTION, SORT_ORDER, UPPER_MENU_ID, IS_POPUP, REF_MENU_ID, MENU_YN, USE_YN, REG_ID, REG_DT)
values('FO_MGT_STD_01', '공통코드관리', '/sysmgt/func/commoncode', '', 9102, 'FO_MGT_STD', '0', '', '1', '1', 'SYSTEM', SYSDATE);

insert into TB_CF_MENU (MENU_ID, MENU_NM, MENU_URL, DESCRIPTION, SORT_ORDER, UPPER_MENU_ID, IS_POPUP, REF_MENU_ID, MENU_YN, USE_YN, REG_ID, REG_DT)
values('FO_MGT_STD_08', '배치 수행 이력', '/sysmgt/func/batch', '', 9135, 'FO_MGT_STD', '0', '', '1', '1', 'SYSTEM', SYSDATE);

insert into TB_CF_MENU (MENU_ID, MENU_NM, MENU_URL, DESCRIPTION, SORT_ORDER, UPPER_MENU_ID, IS_POPUP, REF_MENU_ID, MENU_YN, USE_YN, REG_ID, REG_DT)
values('FO_MGT_TPL_02', '파일업로드', '/comfunc/func/filePage', '', 9202, 'FO_MGT_TPL', '0', '', '1', '1', 'SYSTEM', SYSDATE);

insert into TB_CF_MENU (MENU_ID, MENU_NM, MENU_URL, DESCRIPTION, SORT_ORDER, UPPER_MENU_ID, IS_POPUP, REF_MENU_ID, MENU_YN, USE_YN, REG_ID, REG_DT)
values('FO_MGT_TPL_03', '엑셀', '/comfunc/func/excel', '', 9211, 'FO_MGT_TPL', '0', '', '1', '1', 'SYSTEM', SYSDATE);

insert into TB_CF_MENU (MENU_ID, MENU_NM, MENU_URL, DESCRIPTION, SORT_ORDER, UPPER_MENU_ID, IS_POPUP, REF_MENU_ID, MENU_YN, USE_YN, REG_ID, REG_DT)
values('FO_MGT_TPL_04', '메일', '/comfunc/func/mail', '', 9214, 'FO_MGT_TPL', '0', '', '1', '1', 'SYSTEM', SYSDATE);

insert into TB_CF_MENU (MENU_ID, MENU_NM, MENU_URL, DESCRIPTION, SORT_ORDER, UPPER_MENU_ID, IS_POPUP, REF_MENU_ID, MENU_YN, USE_YN, REG_ID, REG_DT)
values('FO_MGT_TPL_01', '팝업', '/comfunc/func/popup', '', 9230, 'FO_MGT_TPL', '0', '', '1', '1', 'SYSTEM', SYSDATE);

insert into TB_CF_MENU (MENU_ID, MENU_NM, MENU_URL, DESCRIPTION, SORT_ORDER, UPPER_MENU_ID, IS_POPUP, REF_MENU_ID, MENU_YN, USE_YN, REG_ID, REG_DT)
values('FO_MGT_TPL_12', '페이징', '/comfunc/func/paging', '', 9240, 'FO_MGT_TPL', '0', '', '1', '1', 'SYSTEM', SYSDATE);

insert into TB_CF_MENU (MENU_ID, MENU_NM, MENU_URL, DESCRIPTION, SORT_ORDER, UPPER_MENU_ID, IS_POPUP, REF_MENU_ID, MENU_YN, USE_YN, REG_ID, REG_DT)
values('FO_MGT_TPL_13', '타임존', '/comfunc/func/timezone', '', 9250, 'FO_MGT_TPL', '0', '', '1', '1', 'SYSTEM', SYSDATE);

insert into TB_CF_MENU (MENU_ID, MENU_NM, MENU_URL, DESCRIPTION, SORT_ORDER, UPPER_MENU_ID, IS_POPUP, REF_MENU_ID, MENU_YN, USE_YN, REG_ID, REG_DT)
values('FO_MGT_TPL', '기능템플릿', '/comfunc/func', '', 9181, 'FO_TPL', '0', '', '1', '1', 'SYSTEM', SYSDATE);

insert into TB_CF_MENU (MENU_ID, MENU_NM, MENU_URL, DESCRIPTION, SORT_ORDER, UPPER_MENU_ID, IS_POPUP, REF_MENU_ID, MENU_YN, USE_YN, REG_ID, REG_DT)
values('BIZ_SAMPLE_MENU_01', '샘플하메뉴1', '/sample/depth/depth01', '', 8110, 'BIZ_SAMPLE_MENU', '0', '', '1', '1', 'SYSTEM', SYSDATE);

insert into TB_CF_MENU (MENU_ID, MENU_NM, MENU_URL, DESCRIPTION, SORT_ORDER, UPPER_MENU_ID, IS_POPUP, REF_MENU_ID, MENU_YN, USE_YN, REG_ID, REG_DT)
values('FO_MGT_STD_17', '공통코드 다국어관리', '/sysmgt/func/commoncodeI18N', '', 9106, 'FO_MGT_STD', '0', '', '1', '1', 'SYSTEM', SYSDATE);

insert into TB_CF_MENU (MENU_ID, MENU_NM, MENU_URL, DESCRIPTION, SORT_ORDER, UPPER_MENU_ID, IS_POPUP, REF_MENU_ID, MENU_YN, USE_YN, REG_ID, REG_DT)
values('BIZ_SAMPLE', '샘플대메뉴', '/sample', '', 8000, NULL, '0', '', '1', '1', 'SYSTEM', SYSDATE);

insert into TB_CF_MENU (MENU_ID, MENU_NM, MENU_URL, DESCRIPTION, SORT_ORDER, UPPER_MENU_ID, IS_POPUP, REF_MENU_ID, MENU_YN, USE_YN, REG_ID, REG_DT)
values('BIZ_SAMPLE_MENU_0101', '샘플하메뉴1 - 조회', '/sample/depth/depth01/search', '', 8111, 'BIZ_SAMPLE_MENU_01', '0', '', '0', '1', 'SYSTEM', SYSDATE);

insert into TB_CF_MENU (MENU_ID, MENU_NM, MENU_URL, DESCRIPTION, SORT_ORDER, UPPER_MENU_ID, IS_POPUP, REF_MENU_ID, MENU_YN, USE_YN, REG_ID, REG_DT)
values('FO_MGT_STD_04', '권한관리', '/sysmgt/func/roles', '', 9116, 'FO_MGT_STD', '0', '', '1', '1', 'SYSTEM', SYSDATE);

insert into TB_CF_MENU (MENU_ID, MENU_NM, MENU_URL, DESCRIPTION, SORT_ORDER, UPPER_MENU_ID, IS_POPUP, REF_MENU_ID, MENU_YN, USE_YN, REG_ID, REG_DT)
values('FO_MGT_STD_05', '권한별 메뉴관리', '/sysmgt/func/rolesmappingmenu', '', 9119, 'FO_MGT_STD', '0', '', '1', '1', 'SYSTEM', SYSDATE);

insert into TB_CF_MENU (MENU_ID, MENU_NM, MENU_URL, DESCRIPTION, SORT_ORDER, UPPER_MENU_ID, IS_POPUP, REF_MENU_ID, MENU_YN, USE_YN, REG_ID, REG_DT)
values('FO_MGT_STD_06', '권한별 사용자관리', '/sysmgt/func/rolesmappingusers', '', 9123, 'FO_MGT_STD', '0', '', '1', '1', 'SYSTEM', SYSDATE);

insert into TB_CF_MENU (MENU_ID, MENU_NM, MENU_URL, DESCRIPTION, SORT_ORDER, UPPER_MENU_ID, IS_POPUP, REF_MENU_ID, MENU_YN, USE_YN, REG_ID, REG_DT)
values('FO_MGT_STD_07', '사용자관리', '/sysmgt/func/users', '', 9131, 'FO_MGT_STD', '0', '', '1', '1', 'SYSTEM', SYSDATE);

insert into TB_CF_MENU (MENU_ID, MENU_NM, MENU_URL, DESCRIPTION, SORT_ORDER, UPPER_MENU_ID, IS_POPUP, REF_MENU_ID, MENU_YN, USE_YN, REG_ID, REG_DT)
values('FO_MGT_STD_10', 'IP허용 예외관리', '/sysmgt/func/ipallow', '', 9142, 'FO_MGT_STD', '0', '', '1', '1', 'SYSTEM', SYSDATE);

insert into TB_CF_MENU (MENU_ID, MENU_NM, MENU_URL, DESCRIPTION, SORT_ORDER, UPPER_MENU_ID, IS_POPUP, REF_MENU_ID, MENU_YN, USE_YN, REG_ID, REG_DT)
values('FO_MGT_TPL_17', '달력', '/comfunc/func/calendar', '', 9263, 'FO_MGT_TPL', '0', '', '1', '1', 'SYSTEM', SYSDATE);

insert into TB_CF_MENU (MENU_ID, MENU_NM, MENU_URL, DESCRIPTION, SORT_ORDER, UPPER_MENU_ID, IS_POPUP, REF_MENU_ID, MENU_YN, USE_YN, REG_ID, REG_DT)
values('FO_MGT_TPL_16', '컴포넌트', '/comfunc/func/component', '', 9300, 'FO_MGT_TPL', '0', '', '1', '1', 'SYSTEM', SYSDATE);

insert into TB_CF_MENU (MENU_ID, MENU_NM, MENU_URL, DESCRIPTION, SORT_ORDER, UPPER_MENU_ID, IS_POPUP, REF_MENU_ID, MENU_YN, USE_YN, REG_ID, REG_DT)
values('FO_SAM_TPL_10', '그리드 샘플', '/comfunc/sample/gridSample', '', 9410, 'FO_SAM_TPL', '0', '', '1', '1', 'SYSTEM', SYSDATE);

insert into TB_CF_MENU (MENU_ID, MENU_NM, MENU_URL, DESCRIPTION, SORT_ORDER, UPPER_MENU_ID, IS_POPUP, REF_MENU_ID, MENU_YN, USE_YN, REG_ID, REG_DT)
values('FO_MGT_STD_13', '시스템 예외 이력', '/sysmgt/func/excLog', '', 9148, 'FO_MGT_STD', '0', '', '1', '1', 'SYSTEM', SYSDATE);

insert into TB_CF_MENU (MENU_ID, MENU_NM, MENU_URL, DESCRIPTION, SORT_ORDER, UPPER_MENU_ID, IS_POPUP, REF_MENU_ID, MENU_YN, USE_YN, REG_ID, REG_DT)
values('FO_SAM_TPL', '예제템플릿', '/comfunc/sample', '', 9400, 'FO_TPL', '0', '', '1', '1', 'SYSTEM', SYSDATE);


insert into TB_CF_MENU_I18N (MENU_ID, MENU_NM, LANGUAGE_CD, REG_ID, REG_DT)
values('FO_MGT_TPL_0206', 'en파일업로드 - 파일경로조회', 'en_us', 'SYSTEM', SYSDATE);

insert into TB_CF_MENU_I18N (MENU_ID, MENU_NM, LANGUAGE_CD, REG_ID, REG_DT)
values('FO_MGT_TPL_0207', 'en파일업로드 - 그룹넘버조회', 'en_us', 'SYSTEM', SYSDATE);

insert into TB_CF_MENU_I18N (MENU_ID, MENU_NM, LANGUAGE_CD, REG_ID, REG_DT)
values('FO_MGT_TPL_0208', 'en파일업로드 - 파일목록복사', 'en_us', 'SYSTEM', SYSDATE);

insert into TB_CF_MENU_I18N (MENU_ID, MENU_NM, LANGUAGE_CD, REG_ID, REG_DT)
values('FO_MGT_TPL_07', 'en대량데이터처리', 'en_us', 'SYSTEM', SYSDATE);

insert into TB_CF_MENU_I18N (MENU_ID, MENU_NM, LANGUAGE_CD, REG_ID, REG_DT)
values('FO_MGT_TPL_0701', 'en대량데이터처리 - 조회', 'en_us', 'SYSTEM', SYSDATE);

insert into TB_CF_MENU_I18N (MENU_ID, MENU_NM, LANGUAGE_CD, REG_ID, REG_DT)
values('FO_MGT_TPL_0702', 'en대량데이터처리 - 엑셀', 'en_us', 'SYSTEM', SYSDATE);

insert into TB_CF_MENU_I18N (MENU_ID, MENU_NM, LANGUAGE_CD, REG_ID, REG_DT)
values('FO_MGT_STD_0503', 'en권한별 메뉴관리 - 복사', 'en_us', 'SYSTEM', SYSDATE);

insert into TB_CF_MENU_I18N (MENU_ID, MENU_NM, LANGUAGE_CD, REG_ID, REG_DT)
values('FO_MGT_STD_13', 'en시스템 예외 이력', 'en_us', 'SYSTEM', SYSDATE);

insert into TB_CF_MENU_I18N (MENU_ID, MENU_NM, LANGUAGE_CD, REG_ID, REG_DT)
values('FO_MGT_STD_1301', 'en시스템 예외 이력 - 조회', 'en_us', 'SYSTEM', SYSDATE);

insert into TB_CF_MENU_I18N (MENU_ID, MENU_NM, LANGUAGE_CD, REG_ID, REG_DT)
values('FO_MGT_STD_0302', 'en메뉴 다국어관리 - 저장', 'en_us', 'SYSTEM', SYSDATE);

insert into TB_CF_MENU_I18N (MENU_ID, MENU_NM, LANGUAGE_CD, REG_ID, REG_DT)
values('FO_MGT_TPL_0204', 'en팝업 - 즐겨찾기', 'en_us', 'SYSTEM', SYSDATE);

insert into TB_CF_MENU_I18N (MENU_ID, MENU_NM, LANGUAGE_CD, REG_ID, REG_DT)
values('FO_MGT_STD_12', 'en공지사항 관리', 'en_us', 'SYSTEM', SYSDATE);

insert into TB_CF_MENU_I18N (MENU_ID, MENU_NM, LANGUAGE_CD, REG_ID, REG_DT)
values('FO_MGT_STD_1201', 'en공지사항 - 조회', 'en_us', 'SYSTEM', SYSDATE);

insert into TB_CF_MENU_I18N (MENU_ID, MENU_NM, LANGUAGE_CD, REG_ID, REG_DT)
values('FO_MGT_STD_1202', 'en공지사항 관리자 - 조회', 'en_us', 'SYSTEM', SYSDATE);

insert into TB_CF_MENU_I18N (MENU_ID, MENU_NM, LANGUAGE_CD, REG_ID, REG_DT)
values('FO_MGT_STD_120301', 'en조회', 'en_us', 'SYSTEM', SYSDATE);

insert into TB_CF_MENU_I18N (MENU_ID, MENU_NM, LANGUAGE_CD, REG_ID, REG_DT)
values('FO_MGT_STD_120302', 'en목록 조회', 'en_us', 'SYSTEM', SYSDATE);

insert into TB_CF_MENU_I18N (MENU_ID, MENU_NM, LANGUAGE_CD, REG_ID, REG_DT)
values('FO_MGT_STD_120401', 'en조회', 'en_us', 'SYSTEM', SYSDATE);

insert into TB_CF_MENU_I18N (MENU_ID, MENU_NM, LANGUAGE_CD, REG_ID, REG_DT)
values('FO_MGT_STD_120501', 'en공지사항 파일 - 조회', 'en_us', 'SYSTEM', SYSDATE);

insert into TB_CF_MENU_I18N (MENU_ID, MENU_NM, LANGUAGE_CD, REG_ID, REG_DT)
values('FO_MGT_STD_120502', 'en저장', 'en_us', 'SYSTEM', SYSDATE);

insert into TB_CF_MENU_I18N (MENU_ID, MENU_NM, LANGUAGE_CD, REG_ID, REG_DT)
values('FO_MGT_STD_120503', 'en삭제', 'en_us', 'SYSTEM', SYSDATE);

insert into TB_CF_MENU_I18N (MENU_ID, MENU_NM, LANGUAGE_CD, REG_ID, REG_DT)
values('FO_MGT_STD_120504', 'en범위 조회', 'en_us', 'SYSTEM', SYSDATE);

insert into TB_CF_MENU_I18N (MENU_ID, MENU_NM, LANGUAGE_CD, REG_ID, REG_DT)
values('FO_MGT_STD_120505', 'en조회', 'en_us', 'SYSTEM', SYSDATE);

insert into TB_CF_MENU_I18N (MENU_ID, MENU_NM, LANGUAGE_CD, REG_ID, REG_DT)
values('FO_MGT_STD_1206', 'en관리자권한 조회', 'en_us', 'SYSTEM', SYSDATE);

insert into TB_CF_MENU_I18N (MENU_ID, MENU_NM, LANGUAGE_CD, REG_ID, REG_DT)
values('FO_MGT_STD_1302', 'en시스템 예외 이력 - Exception Log 조회', 'en_us', 'SYSTEM', SYSDATE);

insert into TB_CF_MENU_I18N (MENU_ID, MENU_NM, LANGUAGE_CD, REG_ID, REG_DT)
values('FO_MGT', 'en시스템관리', 'en_us', 'SYSTEM', SYSDATE);

insert into TB_CF_MENU_I18N (MENU_ID, MENU_NM, LANGUAGE_CD, REG_ID, REG_DT)
values('FO_MGT_STD', 'en기본관리', 'en_us', 'SYSTEM', SYSDATE);

insert into TB_CF_MENU_I18N (MENU_ID, MENU_NM, LANGUAGE_CD, REG_ID, REG_DT)
values('FO_MGT_STD_02', 'en메뉴관리', 'en_us', 'SYSTEM', SYSDATE);

insert into TB_CF_MENU_I18N (MENU_ID, MENU_NM, LANGUAGE_CD, REG_ID, REG_DT)
values('FO_MGT_STD_0201', 'en메뉴관리 - 조회', 'en_us', 'SYSTEM', SYSDATE);

insert into TB_CF_MENU_I18N (MENU_ID, MENU_NM, LANGUAGE_CD, REG_ID, REG_DT)
values('FO_MGT_STD_0202', 'en메뉴관리 - 저장', 'en_us', 'SYSTEM', SYSDATE);

insert into TB_CF_MENU_I18N (MENU_ID, MENU_NM, LANGUAGE_CD, REG_ID, REG_DT)
values('FO_MGT_STD_04', 'en권한관리', 'en_us', 'SYSTEM', SYSDATE);

insert into TB_CF_MENU_I18N (MENU_ID, MENU_NM, LANGUAGE_CD, REG_ID, REG_DT)
values('FO_MGT_STD_0401', 'en권한관리 - 조회', 'en_us', 'SYSTEM', SYSDATE);

insert into TB_CF_MENU_I18N (MENU_ID, MENU_NM, LANGUAGE_CD, REG_ID, REG_DT)
values('FO_MGT_STD_0402', 'en권한관리 - 저장', 'en_us', 'SYSTEM', SYSDATE);

insert into TB_CF_MENU_I18N (MENU_ID, MENU_NM, LANGUAGE_CD, REG_ID, REG_DT)
values('FO_MGT_STD_05', 'en권한별 메뉴관리', 'en_us', 'SYSTEM', SYSDATE);

insert into TB_CF_MENU_I18N (MENU_ID, MENU_NM, LANGUAGE_CD, REG_ID, REG_DT)
values('FO_MGT_STD_0501', 'en권한별 메뉴관리 - 조회', 'en_us', 'SYSTEM', SYSDATE);

insert into TB_CF_MENU_I18N (MENU_ID, MENU_NM, LANGUAGE_CD, REG_ID, REG_DT)
values('FO_MGT_STD_0502', 'en권한별 메뉴관리 - 저장', 'en_us', 'SYSTEM', SYSDATE);

insert into TB_CF_MENU_I18N (MENU_ID, MENU_NM, LANGUAGE_CD, REG_ID, REG_DT)
values('FO_MGT_STD_06', 'en권한별 사용자관리', 'en_us', 'SYSTEM', SYSDATE);

insert into TB_CF_MENU_I18N (MENU_ID, MENU_NM, LANGUAGE_CD, REG_ID, REG_DT)
values('FO_MGT_STD_0601', 'en권한별 사용자관리 - 조회', 'en_us', 'SYSTEM', SYSDATE);

insert into TB_CF_MENU_I18N (MENU_ID, MENU_NM, LANGUAGE_CD, REG_ID, REG_DT)
values('FO_MGT_STD_0602', 'en권한별 사용자관리 - 저장', 'en_us', 'SYSTEM', SYSDATE);

insert into TB_CF_MENU_I18N (MENU_ID, MENU_NM, LANGUAGE_CD, REG_ID, REG_DT)
values('FO_MGT_STD_07', 'en사용자관리', 'en_us', 'SYSTEM', SYSDATE);

insert into TB_CF_MENU_I18N (MENU_ID, MENU_NM, LANGUAGE_CD, REG_ID, REG_DT)
values('FO_MGT_STD_0703', 'en사용자 접속기록 - 조회', 'en_us', 'SYSTEM', SYSDATE);

insert into TB_CF_MENU_I18N (MENU_ID, MENU_NM, LANGUAGE_CD, REG_ID, REG_DT)
values('FO_MGT_STD_0701', 'en사용자관리 - 조회', 'en_us', 'SYSTEM', SYSDATE);

insert into TB_CF_MENU_I18N (MENU_ID, MENU_NM, LANGUAGE_CD, REG_ID, REG_DT)
values('FO_MGT_STD_0702', 'en사용자관리 - 저장', 'en_us', 'SYSTEM', SYSDATE);

insert into TB_CF_MENU_I18N (MENU_ID, MENU_NM, LANGUAGE_CD, REG_ID, REG_DT)
values('FO_MGT_STD_10', 'enIP허용 예외관리', 'en_us', 'SYSTEM', SYSDATE);

insert into TB_CF_MENU_I18N (MENU_ID, MENU_NM, LANGUAGE_CD, REG_ID, REG_DT)
values('FO_MGT_STD_1001', 'enIP허용 예외관리 - 조회', 'en_us', 'SYSTEM', SYSDATE);

insert into TB_CF_MENU_I18N (MENU_ID, MENU_NM, LANGUAGE_CD, REG_ID, REG_DT)
values('FO_MGT_STD_1002', 'enIP허용 예외관리 - 저장', 'en_us', 'SYSTEM', SYSDATE);

insert into TB_CF_MENU_I18N (MENU_ID, MENU_NM, LANGUAGE_CD, REG_ID, REG_DT)
values('FO_MGT_STD_08', 'en배치관리', 'en_us', 'SYSTEM', SYSDATE);

insert into TB_CF_MENU_I18N (MENU_ID, MENU_NM, LANGUAGE_CD, REG_ID, REG_DT)
values('FO_MGT_STD_0801', 'en배치관리 - 조회', 'en_us', 'SYSTEM', SYSDATE);

insert into TB_CF_MENU_I18N (MENU_ID, MENU_NM, LANGUAGE_CD, REG_ID, REG_DT)
values('FO_MGT_STD_0802', 'enJob Execution Id - 조회', 'en_us', 'SYSTEM', SYSDATE);

insert into TB_CF_MENU_I18N (MENU_ID, MENU_NM, LANGUAGE_CD, REG_ID, REG_DT)
values('FO_MGT_STD_0803', 'enJob Step MSG - 조회', 'en_us', 'SYSTEM', SYSDATE);

insert into TB_CF_MENU_I18N (MENU_ID, MENU_NM, LANGUAGE_CD, REG_ID, REG_DT)
values('FO_MGT_TPL', 'en기능템플릿', 'en_us', 'SYSTEM', SYSDATE);

insert into TB_CF_MENU_I18N (MENU_ID, MENU_NM, LANGUAGE_CD, REG_ID, REG_DT)
values('FO_MGT_TPL_01', 'en팝업', 'en_us', 'SYSTEM', SYSDATE);

insert into TB_CF_MENU_I18N (MENU_ID, MENU_NM, LANGUAGE_CD, REG_ID, REG_DT)
values('FO_MGT_TPL_02', 'en파일업로드', 'en_us', 'SYSTEM', SYSDATE);

insert into TB_CF_MENU_I18N (MENU_ID, MENU_NM, LANGUAGE_CD, REG_ID, REG_DT)
values('FO_MGT_TPL_03', 'en엑셀', 'en_us', 'SYSTEM', SYSDATE);

insert into TB_CF_MENU_I18N (MENU_ID, MENU_NM, LANGUAGE_CD, REG_ID, REG_DT)
values('FO_MGT_TPL_0301', 'en엑셀 - 다운로드', 'en_us', 'SYSTEM', SYSDATE);

insert into TB_CF_MENU_I18N (MENU_ID, MENU_NM, LANGUAGE_CD, REG_ID, REG_DT)
values('FO_MGT_TPL_0302', 'en엑셀 - 업로드', 'en_us', 'SYSTEM', SYSDATE);

insert into TB_CF_MENU_I18N (MENU_ID, MENU_NM, LANGUAGE_CD, REG_ID, REG_DT)
values('FO_MGT_TPL_04', 'en메일', 'en_us', 'SYSTEM', SYSDATE);

insert into TB_CF_MENU_I18N (MENU_ID, MENU_NM, LANGUAGE_CD, REG_ID, REG_DT)
values('FO_MGT_TPL_0202', 'en파일업로드 - 저장', 'en_us', 'SYSTEM', SYSDATE);

insert into TB_CF_MENU_I18N (MENU_ID, MENU_NM, LANGUAGE_CD, REG_ID, REG_DT)
values('FO_MGT_TPL_0203', 'en파일업로드 - 파일다운로드', 'en_us', 'SYSTEM', SYSDATE);

insert into TB_CF_MENU_I18N (MENU_ID, MENU_NM, LANGUAGE_CD, REG_ID, REG_DT)
values('FO_MGT_STD_17', 'en공통코드 다국어관리', 'en_us', 'SYSTEM', SYSDATE);

insert into TB_CF_MENU_I18N (MENU_ID, MENU_NM, LANGUAGE_CD, REG_ID, REG_DT)
values('FO_MGT_STD_1701', 'en공통코드 다국어관리 - 공통그룹코드 조회', 'en_us', 'SYSTEM', SYSDATE);

insert into TB_CF_MENU_I18N (MENU_ID, MENU_NM, LANGUAGE_CD, REG_ID, REG_DT)
values('FO_MGT_STD_1702', 'en공통코드 다국어관리 - 공통코드 조회', 'en_us', 'SYSTEM', SYSDATE);

insert into TB_CF_MENU_I18N (MENU_ID, MENU_NM, LANGUAGE_CD, REG_ID, REG_DT)
values('FO_MGT_STD_1703', 'en공통코드 다국어관리 - 저장', 'en_us', 'SYSTEM', SYSDATE);

insert into TB_CF_MENU_I18N (MENU_ID, MENU_NM, LANGUAGE_CD, REG_ID, REG_DT)
values('FO_MGT_TPL_0201', 'en파일업로드 - 조회', 'en_us', 'SYSTEM', SYSDATE);

insert into TB_CF_MENU_I18N (MENU_ID, MENU_NM, LANGUAGE_CD, REG_ID, REG_DT)
values('FO_MGT_STD_01', 'en공통코드관리', 'en_us', 'SYSTEM', SYSDATE);

insert into TB_CF_MENU_I18N (MENU_ID, MENU_NM, LANGUAGE_CD, REG_ID, REG_DT)
values('FO_MGT_STD_0101', 'en공통그룹코드 - 조회', 'en_us', 'SYSTEM', SYSDATE);

insert into TB_CF_MENU_I18N (MENU_ID, MENU_NM, LANGUAGE_CD, REG_ID, REG_DT)
values('FO_MGT_STD_0102', 'en공통코드 - 조회', 'en_us', 'SYSTEM', SYSDATE);

insert into TB_CF_MENU_I18N (MENU_ID, MENU_NM, LANGUAGE_CD, REG_ID, REG_DT)
values('FO_MGT_STD_0103', 'en저장', 'en_us', 'SYSTEM', SYSDATE);

insert into TB_CF_MENU_I18N (MENU_ID, MENU_NM, LANGUAGE_CD, REG_ID, REG_DT)
values('FO_MGT_STD_0301', 'en메뉴 다국어관리 - 조회', 'en_us', 'SYSTEM', SYSDATE);

insert into TB_CF_MENU_I18N (MENU_ID, MENU_NM, LANGUAGE_CD, REG_ID, REG_DT)
values('FO_MGT_STD_03', 'en메뉴 다국어관리', 'en_us', 'SYSTEM', SYSDATE);

insert into TB_CF_MENU_I18N (MENU_ID, MENU_NM, LANGUAGE_CD, REG_ID, REG_DT)
values('FO_MGT_TPL_0205', 'en팝업 즐겨찾기 - 저장', 'en_us', 'SYSTEM', SYSDATE);

insert into TB_CF_MENU_I18N (MENU_ID, MENU_NM, LANGUAGE_CD, REG_ID, REG_DT)
values('FO_MGT_TPL_0401', 'en메일 - 템플릿 메일 보내기', 'en_us', 'SYSTEM', SYSDATE);

insert into TB_CF_MENU_I18N (MENU_ID, MENU_NM, LANGUAGE_CD, REG_ID, REG_DT)
values('FO_MGT_TPL_0402', 'en메일 - 메일 보내기', 'en_us', 'SYSTEM', SYSDATE);

insert into TB_CF_MENU_I18N (MENU_ID, MENU_NM, LANGUAGE_CD, REG_ID, REG_DT)
values('BIZ_SAMPLE', 'en샘플대메뉴', 'en_us', 'SYSTEM', SYSDATE);

insert into TB_CF_MENU_I18N (MENU_ID, MENU_NM, LANGUAGE_CD, REG_ID, REG_DT)
values('BIZ_SAMPLE_MENU', 'en샘플중메뉴', 'en_us', 'SYSTEM', SYSDATE);

insert into TB_CF_MENU_I18N (MENU_ID, MENU_NM, LANGUAGE_CD, REG_ID, REG_DT)
values('BIZ_SAMPLE_MENU_01', 'en샘플하메뉴1', 'en_us', 'SYSTEM', SYSDATE);

insert into TB_CF_MENU_I18N (MENU_ID, MENU_NM, LANGUAGE_CD, REG_ID, REG_DT)
values('BIZ_SAMPLE_MENU_0101', 'en샘플하메뉴1 -조회', 'en_us', 'SYSTEM', SYSDATE);

insert into TB_CF_MENU_I18N (MENU_ID, MENU_NM, LANGUAGE_CD, REG_ID, REG_DT)
values('FO_MGT_TPL_0104', '사원조회팝업-조회', 'ko_kr', 'devadmin01', SYSDATE);

insert into TB_CF_MENU_I18N (MENU_ID, MENU_NM, LANGUAGE_CD, REG_ID, REG_DT)
values('FO_MGT_TPL_0104', 'en_us사원조회팝업-조회', 'en_us', 'devadmin01', SYSDATE);

insert into TB_CF_MENU_I18N (MENU_ID, MENU_NM, LANGUAGE_CD, REG_ID, REG_DT)
values('FO_MGT_TPL_0209', 'en파일업로드 페이지 - 조회 ', 'en_us', 'SYSTEM', SYSDATE);

insert into TB_CF_MENU_I18N (MENU_ID, MENU_NM, LANGUAGE_CD, REG_ID, REG_DT)
values('FO_MGT_TPL_0210', 'en파일업로드 페이지 - 저장', 'en_us', 'SYSTEM', SYSDATE);

insert into TB_CF_MENU_I18N (MENU_ID, MENU_NM, LANGUAGE_CD, REG_ID, REG_DT)
values('FO_MGT_TPL_13', 'en_us타임존', 'en_us', 'SYSTEM', SYSDATE);

insert into TB_CF_MENU_I18N (MENU_ID, MENU_NM, LANGUAGE_CD, REG_ID, REG_DT)
values('FO_MGT_TPL_1301', '타임존-조회', 'ko_kr', 'SYSTEM', SYSDATE);

insert into TB_CF_MENU_I18N (MENU_ID, MENU_NM, LANGUAGE_CD, REG_ID, REG_DT)
values('FO_MGT_TPL_0209', '파일업로드 페이지 - 조회 ', 'ko_kr', 'SYSTEM', SYSDATE);

insert into TB_CF_MENU_I18N (MENU_ID, MENU_NM, LANGUAGE_CD, REG_ID, REG_DT)
values('FO_MGT_TPL_0210', '파일업로드 페이지 - 저장', 'ko_kr', 'SYSTEM', SYSDATE);

insert into TB_CF_MENU_I18N (MENU_ID, MENU_NM, LANGUAGE_CD, REG_ID, REG_DT)
values('FO_MGT_TPL_12', 'en_us페이징', 'en_us', 'SYSTEM', SYSDATE);

insert into TB_CF_MENU_I18N (MENU_ID, MENU_NM, LANGUAGE_CD, REG_ID, REG_DT)
values('FO_MGT_TPL_1202', '페이징-스크롤 조회', 'ko_kr', 'SYSTEM', SYSDATE);

insert into TB_CF_MENU_I18N (MENU_ID, MENU_NM, LANGUAGE_CD, REG_ID, REG_DT)
values('FO_MGT_TPL_1201', '페이징-네비게이션 조회', 'ko_kr', 'SYSTEM', SYSDATE);

insert into TB_CF_MENU_I18N (MENU_ID, MENU_NM, LANGUAGE_CD, REG_ID, REG_DT)
values('FO_MGT_TPL_1201', 'en_us페이징-조회', 'en_us', 'SYSTEM', SYSDATE);

insert into TB_CF_MENU_I18N (MENU_ID, MENU_NM, LANGUAGE_CD, REG_ID, REG_DT)
values('FO_MGT_TPL_1202', 'en_us페이징-스크롤 조회', 'en_us', 'SYSTEM', SYSDATE);

insert into TB_CF_MENU_I18N (MENU_ID, MENU_NM, LANGUAGE_CD, REG_ID, REG_DT)
values('FO_TPL', 'en_us템플릿', 'en_us', 'SYSTEM', SYSDATE);

insert into TB_CF_MENU_I18N (MENU_ID, MENU_NM, LANGUAGE_CD, REG_ID, REG_DT)
values('FO_MGT_TPL_1301', 'en_us타임존-조회', 'en_us', 'SYSTEM', SYSDATE);

insert into TB_CF_MENU_I18N (MENU_ID, MENU_NM, LANGUAGE_CD, REG_ID, REG_DT)
values('FO_TPL', '공통기능', 'ko_kr', 'SYSTEM', SYSDATE);

insert into TB_CF_MENU_I18N (MENU_ID, MENU_NM, LANGUAGE_CD, REG_ID, REG_DT)
values('FO_MGT_STD_0603', 'en_us권한별 사용자관리 - 사용자조회', 'en_us', 'SYSTEM', SYSDATE);

insert into TB_CF_MENU_I18N (MENU_ID, MENU_NM, LANGUAGE_CD, REG_ID, REG_DT)
values('FO_MGT_STD_0403', '권한관리 - 사용자권한조회', 'ko_kr', 'SYSTEM', SYSDATE);

insert into TB_CF_MENU_I18N (MENU_ID, MENU_NM, LANGUAGE_CD, REG_ID, REG_DT)
values('FO_MGT_STD_0603', '권한별 사용자관리 - 사용자조회', 'ko_kr', 'SYSTEM', SYSDATE);

insert into TB_CF_MENU_I18N (MENU_ID, MENU_NM, LANGUAGE_CD, REG_ID, REG_DT)
values('FO_MGT_STD_0403', 'en_us권한관리 - 사용자권한조회', 'en_us', 'SYSTEM', SYSDATE);

insert into TB_CF_MENU_I18N (MENU_ID, MENU_NM, LANGUAGE_CD, REG_ID, REG_DT)
values('FO_MGT_STD_120501', '공지사항 등록(팝업) - 조회', 'ko_kr', 'SYSTEM', SYSDATE);

insert into TB_CF_MENU_I18N (MENU_ID, MENU_NM, LANGUAGE_CD, REG_ID, REG_DT)
values('FO_MGT_STD_120502', '공지사항 등록(팝업) - 저장', 'ko_kr', 'SYSTEM', SYSDATE);

insert into TB_CF_MENU_I18N (MENU_ID, MENU_NM, LANGUAGE_CD, REG_ID, REG_DT)
values('FO_MGT_STD_120503', '공지사항 등록(팝업) - 삭제', 'ko_kr', 'SYSTEM', SYSDATE);

insert into TB_CF_MENU_I18N (MENU_ID, MENU_NM, LANGUAGE_CD, REG_ID, REG_DT)
values('FO_MGT_STD_120504', '공지사항 등록(팝업) - 범위 조회', 'ko_kr', 'SYSTEM', SYSDATE);

insert into TB_CF_MENU_I18N (MENU_ID, MENU_NM, LANGUAGE_CD, REG_ID, REG_DT)
values('FO_MGT_STD_120505', '공지사항 등록(팝업) - 조회', 'ko_kr', 'SYSTEM', SYSDATE);

insert into TB_CF_MENU_I18N (MENU_ID, MENU_NM, LANGUAGE_CD, REG_ID, REG_DT)
values('FO_MGT_TPL_0206', '파일업로드 - 파일경로조회', 'ko_kr', 'SYSTEM', SYSDATE);

insert into TB_CF_MENU_I18N (MENU_ID, MENU_NM, LANGUAGE_CD, REG_ID, REG_DT)
values('FO_MGT_TPL_0207', '파일업로드 - 그룹넘버조회', 'ko_kr', 'SYSTEM', SYSDATE);

insert into TB_CF_MENU_I18N (MENU_ID, MENU_NM, LANGUAGE_CD, REG_ID, REG_DT)
values('FO_MGT_TPL_0208', '파일업로드 - 파일목록복사', 'ko_kr', 'SYSTEM', SYSDATE);

insert into TB_CF_MENU_I18N (MENU_ID, MENU_NM, LANGUAGE_CD, REG_ID, REG_DT)
values('FO_MGT_STD_0503', '권한별 메뉴관리 - 복사', 'ko_kr', 'SYSTEM', SYSDATE);

insert into TB_CF_MENU_I18N (MENU_ID, MENU_NM, LANGUAGE_CD, REG_ID, REG_DT)
values('FO_MGT_STD_1301', '시스템 예외 이력 - 조회', 'ko_kr', 'SYSTEM', SYSDATE);

insert into TB_CF_MENU_I18N (MENU_ID, MENU_NM, LANGUAGE_CD, REG_ID, REG_DT)
values('FO_MGT_STD_0302', '메뉴 다국어관리 - 저장', 'ko_kr', 'SYSTEM', SYSDATE);

insert into TB_CF_MENU_I18N (MENU_ID, MENU_NM, LANGUAGE_CD, REG_ID, REG_DT)
values('FO_MGT_STD_1201', '공지사항 - 조회', 'ko_kr', 'SYSTEM', SYSDATE);

insert into TB_CF_MENU_I18N (MENU_ID, MENU_NM, LANGUAGE_CD, REG_ID, REG_DT)
values('FO_MGT_STD_1202', '공지사항 관리자 - 조회', 'ko_kr', 'SYSTEM', SYSDATE);

insert into TB_CF_MENU_I18N (MENU_ID, MENU_NM, LANGUAGE_CD, REG_ID, REG_DT)
values('FO_MGT_STD_1206', '관리자권한 조회', 'ko_kr', 'SYSTEM', SYSDATE);

insert into TB_CF_MENU_I18N (MENU_ID, MENU_NM, LANGUAGE_CD, REG_ID, REG_DT)
values('FO_MGT_STD_12', '공지사항', 'ko_kr', 'SYSTEM', SYSDATE);

insert into TB_CF_MENU_I18N (MENU_ID, MENU_NM, LANGUAGE_CD, REG_ID, REG_DT)
values('FO_MGT_STD_120401', '공지사항 업무용(팝업) - 조회', 'ko_kr', 'SYSTEM', SYSDATE);

insert into TB_CF_MENU_I18N (MENU_ID, MENU_NM, LANGUAGE_CD, REG_ID, REG_DT)
values('FO_MGT_STD_120301', '공지사항 로그인 후(팝업) - 조회', 'ko_kr', 'SYSTEM', SYSDATE);

insert into TB_CF_MENU_I18N (MENU_ID, MENU_NM, LANGUAGE_CD, REG_ID, REG_DT)
values('FO_MGT_STD_120302', '공지사항 로그인 후(팝업) - 목록 조회', 'ko_kr', 'SYSTEM', SYSDATE);

insert into TB_CF_MENU_I18N (MENU_ID, MENU_NM, LANGUAGE_CD, REG_ID, REG_DT)
values('FO_MGT_TPL_12', '페이징', 'ko_kr', 'SYSTEM', SYSDATE);

insert into TB_CF_MENU_I18N (MENU_ID, MENU_NM, LANGUAGE_CD, REG_ID, REG_DT)
values('FO_MGT_TPL_13', '타임존', 'ko_kr', 'SYSTEM', SYSDATE);

insert into TB_CF_MENU_I18N (MENU_ID, MENU_NM, LANGUAGE_CD, REG_ID, REG_DT)
values('FO_MGT_TPL_16', '컴포넌트', 'ko_kr', 'SYSTEM', SYSDATE);

insert into TB_CF_MENU_I18N (MENU_ID, MENU_NM, LANGUAGE_CD, REG_ID, REG_DT)
values('FO_MGT_STD_13', '시스템 예외 이력', 'ko_kr', 'SYSTEM', SYSDATE);

insert into TB_CF_MENU_I18N (MENU_ID, MENU_NM, LANGUAGE_CD, REG_ID, REG_DT)
values('FO_MGT_TPL_0701', '대량데이터처리 - 조회', 'ko_kr', 'SYSTEM', SYSDATE);

insert into TB_CF_MENU_I18N (MENU_ID, MENU_NM, LANGUAGE_CD, REG_ID, REG_DT)
values('FO_MGT_TPL_0702', '대량데이터처리 - 엑셀', 'ko_kr', 'SYSTEM', SYSDATE);

insert into TB_CF_MENU_I18N (MENU_ID, MENU_NM, LANGUAGE_CD, REG_ID, REG_DT)
values('FO_MGT_STD_1302', '시스템 예외 이력 - Exception Log 조회', 'ko_kr', 'SYSTEM', SYSDATE);

insert into TB_CF_MENU_I18N (MENU_ID, MENU_NM, LANGUAGE_CD, REG_ID, REG_DT)
values('FO_MGT', '시스템관리', 'ko_kr', 'SYSTEM', SYSDATE);

insert into TB_CF_MENU_I18N (MENU_ID, MENU_NM, LANGUAGE_CD, REG_ID, REG_DT)
values('FO_MGT_STD_0201', '메뉴관리 - 조회', 'ko_kr', 'SYSTEM', SYSDATE);

insert into TB_CF_MENU_I18N (MENU_ID, MENU_NM, LANGUAGE_CD, REG_ID, REG_DT)
values('FO_MGT_STD_0202', '메뉴관리 - 저장', 'ko_kr', 'SYSTEM', SYSDATE);

insert into TB_CF_MENU_I18N (MENU_ID, MENU_NM, LANGUAGE_CD, REG_ID, REG_DT)
values('FO_MGT_STD_0401', '권한관리 - 조회', 'ko_kr', 'SYSTEM', SYSDATE);

insert into TB_CF_MENU_I18N (MENU_ID, MENU_NM, LANGUAGE_CD, REG_ID, REG_DT)
values('FO_MGT_STD_0402', '권한관리 - 저장', 'ko_kr', 'SYSTEM', SYSDATE);

insert into TB_CF_MENU_I18N (MENU_ID, MENU_NM, LANGUAGE_CD, REG_ID, REG_DT)
values('FO_MGT_STD_0501', '권한별 메뉴관리 - 조회', 'ko_kr', 'SYSTEM', SYSDATE);

insert into TB_CF_MENU_I18N (MENU_ID, MENU_NM, LANGUAGE_CD, REG_ID, REG_DT)
values('FO_MGT_STD_0502', '권한별 메뉴관리 - 저장', 'ko_kr', 'SYSTEM', SYSDATE);

insert into TB_CF_MENU_I18N (MENU_ID, MENU_NM, LANGUAGE_CD, REG_ID, REG_DT)
values('FO_MGT_STD_0601', '권한별 사용자관리 - 조회', 'ko_kr', 'SYSTEM', SYSDATE);

insert into TB_CF_MENU_I18N (MENU_ID, MENU_NM, LANGUAGE_CD, REG_ID, REG_DT)
values('FO_MGT_STD_0602', '권한별 사용자관리 - 저장', 'ko_kr', 'SYSTEM', SYSDATE);

insert into TB_CF_MENU_I18N (MENU_ID, MENU_NM, LANGUAGE_CD, REG_ID, REG_DT)
values('FO_MGT_STD_0703', '사용자 접속기록 - 조회', 'ko_kr', 'SYSTEM', SYSDATE);

insert into TB_CF_MENU_I18N (MENU_ID, MENU_NM, LANGUAGE_CD, REG_ID, REG_DT)
values('FO_MGT_STD_0701', '사용자관리 - 조회', 'ko_kr', 'SYSTEM', SYSDATE);

insert into TB_CF_MENU_I18N (MENU_ID, MENU_NM, LANGUAGE_CD, REG_ID, REG_DT)
values('FO_MGT_STD_0702', '사용자관리 - 저장', 'ko_kr', 'SYSTEM', SYSDATE);

insert into TB_CF_MENU_I18N (MENU_ID, MENU_NM, LANGUAGE_CD, REG_ID, REG_DT)
values('FO_MGT_STD_1001', 'IP허용 예외관리 - 조회', 'ko_kr', 'SYSTEM', SYSDATE);

insert into TB_CF_MENU_I18N (MENU_ID, MENU_NM, LANGUAGE_CD, REG_ID, REG_DT)
values('FO_MGT_STD_1002', 'IP허용 예외관리 - 저장', 'ko_kr', 'SYSTEM', SYSDATE);

insert into TB_CF_MENU_I18N (MENU_ID, MENU_NM, LANGUAGE_CD, REG_ID, REG_DT)
values('FO_MGT_STD_0801', '배치 수행 이력 - 조회', 'ko_kr', 'SYSTEM', SYSDATE);

insert into TB_CF_MENU_I18N (MENU_ID, MENU_NM, LANGUAGE_CD, REG_ID, REG_DT)
values('FO_MGT_STD_0802', 'Job Execution Id - 조회', 'ko_kr', 'SYSTEM', SYSDATE);

insert into TB_CF_MENU_I18N (MENU_ID, MENU_NM, LANGUAGE_CD, REG_ID, REG_DT)
values('FO_MGT_STD_0803', 'Job Step MSG - 조회', 'ko_kr', 'SYSTEM', SYSDATE);

insert into TB_CF_MENU_I18N (MENU_ID, MENU_NM, LANGUAGE_CD, REG_ID, REG_DT)
values('FO_MGT_TPL_0301', '엑셀 - 다운로드', 'ko_kr', 'SYSTEM', SYSDATE);

insert into TB_CF_MENU_I18N (MENU_ID, MENU_NM, LANGUAGE_CD, REG_ID, REG_DT)
values('FO_MGT_TPL_0302', '엑셀 - 업로드', 'ko_kr', 'SYSTEM', SYSDATE);

insert into TB_CF_MENU_I18N (MENU_ID, MENU_NM, LANGUAGE_CD, REG_ID, REG_DT)
values('FO_MGT_TPL_0202', '파일업로드 - 저장', 'ko_kr', 'SYSTEM', SYSDATE);

insert into TB_CF_MENU_I18N (MENU_ID, MENU_NM, LANGUAGE_CD, REG_ID, REG_DT)
values('FO_MGT_TPL_0203', '파일업로드 - 파일다운로드', 'ko_kr', 'SYSTEM', SYSDATE);

insert into TB_CF_MENU_I18N (MENU_ID, MENU_NM, LANGUAGE_CD, REG_ID, REG_DT)
values('FO_MGT_TPL_0201', '파일업로드 - 조회', 'ko_kr', 'SYSTEM', SYSDATE);

insert into TB_CF_MENU_I18N (MENU_ID, MENU_NM, LANGUAGE_CD, REG_ID, REG_DT)
values('FO_MGT_STD_0101', '공통그룹코드 - 조회', 'ko_kr', 'SYSTEM', SYSDATE);

insert into TB_CF_MENU_I18N (MENU_ID, MENU_NM, LANGUAGE_CD, REG_ID, REG_DT)
values('FO_MGT_STD_0102', '공통코드 - 조회', 'ko_kr', 'SYSTEM', SYSDATE);

insert into TB_CF_MENU_I18N (MENU_ID, MENU_NM, LANGUAGE_CD, REG_ID, REG_DT)
values('FO_MGT_STD_0103', '저장', 'ko_kr', 'SYSTEM', SYSDATE);

insert into TB_CF_MENU_I18N (MENU_ID, MENU_NM, LANGUAGE_CD, REG_ID, REG_DT)
values('FO_MGT_STD_0301', '메뉴 다국어관리 - 조회', 'ko_kr', 'SYSTEM', SYSDATE);

insert into TB_CF_MENU_I18N (MENU_ID, MENU_NM, LANGUAGE_CD, REG_ID, REG_DT)
values('FO_MGT_TPL_0204', '팝업 즐겨찾기 - 조회', 'ko_kr', 'SYSTEM', SYSDATE);

insert into TB_CF_MENU_I18N (MENU_ID, MENU_NM, LANGUAGE_CD, REG_ID, REG_DT)
values('FO_MGT_STD_1701', '공통코드 다국어관리 - 공통그룹코드 조회', 'ko_kr', 'SYSTEM', SYSDATE);

insert into TB_CF_MENU_I18N (MENU_ID, MENU_NM, LANGUAGE_CD, REG_ID, REG_DT)
values('FO_MGT_STD_1702', '공통코드 다국어관리 - 공통코드 조회', 'ko_kr', 'SYSTEM', SYSDATE);

insert into TB_CF_MENU_I18N (MENU_ID, MENU_NM, LANGUAGE_CD, REG_ID, REG_DT)
values('FO_MGT_STD_1703', '공통코드 다국어관리 - 저장', 'ko_kr', 'SYSTEM', SYSDATE);

insert into TB_CF_MENU_I18N (MENU_ID, MENU_NM, LANGUAGE_CD, REG_ID, REG_DT)
values('FO_MGT_TPL_0205', '팝업 즐겨찾기 - 저장', 'ko_kr', 'SYSTEM', SYSDATE);

insert into TB_CF_MENU_I18N (MENU_ID, MENU_NM, LANGUAGE_CD, REG_ID, REG_DT)
values('FO_MGT_TPL_0401', '메일 - 템플릿 메일 보내기', 'ko_kr', 'SYSTEM', SYSDATE);

insert into TB_CF_MENU_I18N (MENU_ID, MENU_NM, LANGUAGE_CD, REG_ID, REG_DT)
values('FO_MGT_TPL_0402', '메일 - 메일 보내기', 'ko_kr', 'SYSTEM', SYSDATE);

insert into TB_CF_MENU_I18N (MENU_ID, MENU_NM, LANGUAGE_CD, REG_ID, REG_DT)
values('FO_MGT_TPL_16', 'en_us컴포넌트', 'en_us', 'SYSTEM', SYSDATE);

insert into TB_CF_MENU_I18N (MENU_ID, MENU_NM, LANGUAGE_CD, REG_ID, REG_DT)
values('FO_MGT_STD_0203', '메뉴관리 - 사용자메뉴조회', 'ko_kr', 'SYSTEM', SYSDATE);

insert into TB_CF_MENU_I18N (MENU_ID, MENU_NM, LANGUAGE_CD, REG_ID, REG_DT)
values('FO_MGT_TPL_17', 'en_us달력', 'en_us', 'SYSTEM', SYSDATE);

insert into TB_CF_MENU_I18N (MENU_ID, MENU_NM, LANGUAGE_CD, REG_ID, REG_DT)
values('FO_MGT_STD_0203', 'en_us메뉴관리 - 사용자메뉴조회', 'en_us', 'SYSTEM', SYSDATE);

insert into TB_CF_MENU_I18N (MENU_ID, MENU_NM, LANGUAGE_CD, REG_ID, REG_DT)
values('FO_SAM_TPL', 'en_us예제템플릿', 'en_us', 'SYSTEM', SYSDATE);

insert into TB_CF_MENU_I18N (MENU_ID, MENU_NM, LANGUAGE_CD, REG_ID, REG_DT)
values('FO_SAM_TPL_01', 'en_us입력샘플', 'en_us', 'SYSTEM', SYSDATE);

insert into TB_CF_MENU_I18N (MENU_ID, MENU_NM, LANGUAGE_CD, REG_ID, REG_DT)
values('FO_SAM_TPL_10', 'en_us그리드 샘플', 'en_us', 'SYSTEM', SYSDATE);

insert into TB_CF_MENU_I18N (MENU_ID, MENU_NM, LANGUAGE_CD, REG_ID, REG_DT)
values('FO_SAM_TPL_01', '입력 샘플', 'ko_kr', 'SYSTEM', SYSDATE);

insert into TB_CF_MENU_I18N (MENU_ID, MENU_NM, LANGUAGE_CD, REG_ID, REG_DT)
values('FO_MGT_STD_01', '공통코드관리', 'ko_kr', 'SYSTEM', SYSDATE);

insert into TB_CF_MENU_I18N (MENU_ID, MENU_NM, LANGUAGE_CD, REG_ID, REG_DT)
values('FO_MGT_STD_17', '공통코드 다국어관리', 'ko_kr', 'SYSTEM', SYSDATE);

insert into TB_CF_MENU_I18N (MENU_ID, MENU_NM, LANGUAGE_CD, REG_ID, REG_DT)
values('FO_MGT_STD_02', '메뉴관리', 'ko_kr', 'SYSTEM', SYSDATE);

insert into TB_CF_MENU_I18N (MENU_ID, MENU_NM, LANGUAGE_CD, REG_ID, REG_DT)
values('FO_MGT_STD_04', '권한관리', 'ko_kr', 'SYSTEM', SYSDATE);

insert into TB_CF_MENU_I18N (MENU_ID, MENU_NM, LANGUAGE_CD, REG_ID, REG_DT)
values('FO_MGT_STD_05', '권한별 메뉴관리', 'ko_kr', 'SYSTEM', SYSDATE);

insert into TB_CF_MENU_I18N (MENU_ID, MENU_NM, LANGUAGE_CD, REG_ID, REG_DT)
values('FO_MGT_STD_06', '권한별 사용자관리', 'ko_kr', 'SYSTEM', SYSDATE);

insert into TB_CF_MENU_I18N (MENU_ID, MENU_NM, LANGUAGE_CD, REG_ID, REG_DT)
values('FO_MGT_TPL_02', '파일업로드', 'ko_kr', 'SYSTEM', SYSDATE);

insert into TB_CF_MENU_I18N (MENU_ID, MENU_NM, LANGUAGE_CD, REG_ID, REG_DT)
values('FO_MGT_TPL_03', '엑셀', 'ko_kr', 'SYSTEM', SYSDATE);

insert into TB_CF_MENU_I18N (MENU_ID, MENU_NM, LANGUAGE_CD, REG_ID, REG_DT)
values('FO_MGT_TPL_04', '메일', 'ko_kr', 'SYSTEM', SYSDATE);

insert into TB_CF_MENU_I18N (MENU_ID, MENU_NM, LANGUAGE_CD, REG_ID, REG_DT)
values('FO_MGT_TPL_07', '대량데이터처리', 'ko_kr', 'SYSTEM', SYSDATE);

insert into TB_CF_MENU_I18N (MENU_ID, MENU_NM, LANGUAGE_CD, REG_ID, REG_DT)
values('FO_MGT_TPL_01', '팝업', 'ko_kr', 'SYSTEM', SYSDATE);

insert into TB_CF_MENU_I18N (MENU_ID, MENU_NM, LANGUAGE_CD, REG_ID, REG_DT)
values('FO_MGT_TPL_17', '달력', 'ko_kr', 'SYSTEM', SYSDATE);

insert into TB_CF_MENU_I18N (MENU_ID, MENU_NM, LANGUAGE_CD, REG_ID, REG_DT)
values('FO_MGT_STD', '기본관리', 'ko_kr', 'SYSTEM', SYSDATE);

insert into TB_CF_MENU_I18N (MENU_ID, MENU_NM, LANGUAGE_CD, REG_ID, REG_DT)
values('FO_MGT_TPL', '기능템플릿', 'ko_kr', 'SYSTEM', SYSDATE);

insert into TB_CF_MENU_I18N (MENU_ID, MENU_NM, LANGUAGE_CD, REG_ID, REG_DT)
values('FO_MGT_STD_03', '메뉴 다국어관리', 'ko_kr', 'SYSTEM', SYSDATE);

insert into TB_CF_MENU_I18N (MENU_ID, MENU_NM, LANGUAGE_CD, REG_ID, REG_DT)
values('BIZ_SAMPLE', '샘플대메뉴', 'ko_kr', 'SYSTEM', SYSDATE);

insert into TB_CF_MENU_I18N (MENU_ID, MENU_NM, LANGUAGE_CD, REG_ID, REG_DT)
values('BIZ_SAMPLE_MENU_0101', '샘플하메뉴1 - 조회', 'ko_kr', 'SYSTEM', SYSDATE);

insert into TB_CF_MENU_I18N (MENU_ID, MENU_NM, LANGUAGE_CD, REG_ID, REG_DT)
values('FO_SAM_TPL', '예제템플릿', 'ko_kr', 'SYSTEM', SYSDATE);

insert into TB_CF_MENU_I18N (MENU_ID, MENU_NM, LANGUAGE_CD, REG_ID, REG_DT)
values('BIZ_SAMPLE_MENU', '샘플중메뉴', 'ko_kr', 'SYSTEM', SYSDATE);

insert into TB_CF_MENU_I18N (MENU_ID, MENU_NM, LANGUAGE_CD, REG_ID, REG_DT)
values('BIZ_SAMPLE_MENU_01', '샘플하메뉴1', 'ko_kr', 'SYSTEM', SYSDATE);

insert into TB_CF_MENU_I18N (MENU_ID, MENU_NM, LANGUAGE_CD, REG_ID, REG_DT)
values('FO_SAM_TPL_10', '그리드 샘플', 'ko_kr', 'SYSTEM', SYSDATE);

insert into TB_CF_MENU_I18N (MENU_ID, MENU_NM, LANGUAGE_CD, REG_ID, REG_DT)
values('FO_MGT_STD_07', '사용자관리', 'ko_kr', 'SYSTEM', SYSDATE);

insert into TB_CF_MENU_I18N (MENU_ID, MENU_NM, LANGUAGE_CD, REG_ID, REG_DT)
values('FO_MGT_STD_08', '배치 수행 이력', 'ko_kr', 'SYSTEM', SYSDATE);

insert into TB_CF_MENU_I18N (MENU_ID, MENU_NM, LANGUAGE_CD, REG_ID, REG_DT)
values('FO_MGT_STD_10', 'IP허용 예외관리', 'ko_kr', 'SYSTEM', SYSDATE);


insert into TB_CF_MENU_ROLE (MENU_ID, AUTHORITY, SEARCH_YN, NEW_YN, DELETE_YN, SAVE_YN, BTN1_YN, BTN2_YN, BTN3_YN, BTN4_YN, BTN5_YN, BTN6_YN, BTN7_YN, BTN8_YN, BTN9_YN, BTN10_YN, PRINT_YN, EXCEL_YN, MENU_YN, USE_YN, REG_ID, REG_DT)
values('FO_MGT_STD_12', 'BBS_ADMIN', '1', '1', '0', '0', '0', '0', '0', '0', '0', '0', '0', '0', '0', '0', '0', '0', '1', '1', 'SYSTEM', SYSDATE);

insert into TB_CF_MENU_ROLE (MENU_ID, AUTHORITY, SEARCH_YN, NEW_YN, DELETE_YN, SAVE_YN, BTN1_YN, BTN2_YN, BTN3_YN, BTN4_YN, BTN5_YN, BTN6_YN, BTN7_YN, BTN8_YN, BTN9_YN, BTN10_YN, PRINT_YN, EXCEL_YN, MENU_YN, USE_YN, REG_ID, REG_DT)
values('FO_MGT_STD_1201', 'BBS_ADMIN', '0', '0', '0', '0', '0', '0', '0', '0', '0', '0', '0', '0', '0', '0', '0', '0', '0', '1', 'SYSTEM', SYSDATE);

insert into TB_CF_MENU_ROLE (MENU_ID, AUTHORITY, SEARCH_YN, NEW_YN, DELETE_YN, SAVE_YN, BTN1_YN, BTN2_YN, BTN3_YN, BTN4_YN, BTN5_YN, BTN6_YN, BTN7_YN, BTN8_YN, BTN9_YN, BTN10_YN, PRINT_YN, EXCEL_YN, MENU_YN, USE_YN, REG_ID, REG_DT)
values('FO_MGT_STD_1202', 'BBS_ADMIN', '0', '0', '0', '0', '0', '0', '0', '0', '0', '0', '0', '0', '0', '0', '0', '0', '0', '1', 'SYSTEM', SYSDATE);

insert into TB_CF_MENU_ROLE (MENU_ID, AUTHORITY, SEARCH_YN, NEW_YN, DELETE_YN, SAVE_YN, BTN1_YN, BTN2_YN, BTN3_YN, BTN4_YN, BTN5_YN, BTN6_YN, BTN7_YN, BTN8_YN, BTN9_YN, BTN10_YN, PRINT_YN, EXCEL_YN, MENU_YN, USE_YN, REG_ID, REG_DT)
values('FO_MGT_STD_120301', 'BBS_ADMIN', '1', '0', '0', '0', '0', '0', '0', '0', '0', '0', '0', '0', '0', '0', '0', '0', '0', '1', 'SYSTEM', SYSDATE);

insert into TB_CF_MENU_ROLE (MENU_ID, AUTHORITY, SEARCH_YN, NEW_YN, DELETE_YN, SAVE_YN, BTN1_YN, BTN2_YN, BTN3_YN, BTN4_YN, BTN5_YN, BTN6_YN, BTN7_YN, BTN8_YN, BTN9_YN, BTN10_YN, PRINT_YN, EXCEL_YN, MENU_YN, USE_YN, REG_ID, REG_DT)
values('FO_MGT_STD_120302', 'BBS_ADMIN', '0', '0', '0', '0', '0', '0', '0', '0', '0', '0', '0', '0', '0', '0', '0', '0', '0', '1', 'SYSTEM', SYSDATE);

insert into TB_CF_MENU_ROLE (MENU_ID, AUTHORITY, SEARCH_YN, NEW_YN, DELETE_YN, SAVE_YN, BTN1_YN, BTN2_YN, BTN3_YN, BTN4_YN, BTN5_YN, BTN6_YN, BTN7_YN, BTN8_YN, BTN9_YN, BTN10_YN, PRINT_YN, EXCEL_YN, MENU_YN, USE_YN, REG_ID, REG_DT)
values('FO_MGT_STD_120401', 'BBS_ADMIN', '1', '0', '0', '0', '0', '0', '0', '0', '0', '0', '0', '0', '0', '0', '0', '0', '0', '1', 'SYSTEM', SYSDATE);

insert into TB_CF_MENU_ROLE (MENU_ID, AUTHORITY, SEARCH_YN, NEW_YN, DELETE_YN, SAVE_YN, BTN1_YN, BTN2_YN, BTN3_YN, BTN4_YN, BTN5_YN, BTN6_YN, BTN7_YN, BTN8_YN, BTN9_YN, BTN10_YN, PRINT_YN, EXCEL_YN, MENU_YN, USE_YN, REG_ID, REG_DT)
values('FO_MGT_STD_120501', 'BBS_ADMIN', '0', '0', '0', '0', '0', '0', '0', '0', '0', '0', '0', '0', '0', '0', '0', '0', '0', '1', 'SYSTEM', SYSDATE);

insert into TB_CF_MENU_ROLE (MENU_ID, AUTHORITY, SEARCH_YN, NEW_YN, DELETE_YN, SAVE_YN, BTN1_YN, BTN2_YN, BTN3_YN, BTN4_YN, BTN5_YN, BTN6_YN, BTN7_YN, BTN8_YN, BTN9_YN, BTN10_YN, PRINT_YN, EXCEL_YN, MENU_YN, USE_YN, REG_ID, REG_DT)
values('FO_MGT_STD_120502', 'BBS_ADMIN', '0', '0', '0', '0', '0', '0', '0', '0', '0', '0', '0', '0', '0', '0', '0', '0', '0', '1', 'SYSTEM', SYSDATE);

insert into TB_CF_MENU_ROLE (MENU_ID, AUTHORITY, SEARCH_YN, NEW_YN, DELETE_YN, SAVE_YN, BTN1_YN, BTN2_YN, BTN3_YN, BTN4_YN, BTN5_YN, BTN6_YN, BTN7_YN, BTN8_YN, BTN9_YN, BTN10_YN, PRINT_YN, EXCEL_YN, MENU_YN, USE_YN, REG_ID, REG_DT)
values('FO_MGT_STD_120503', 'BBS_ADMIN', '0', '0', '0', '0', '0', '0', '0', '0', '0', '0', '0', '0', '0', '0', '0', '0', '0', '1', 'SYSTEM', SYSDATE);

insert into TB_CF_MENU_ROLE (MENU_ID, AUTHORITY, SEARCH_YN, NEW_YN, DELETE_YN, SAVE_YN, BTN1_YN, BTN2_YN, BTN3_YN, BTN4_YN, BTN5_YN, BTN6_YN, BTN7_YN, BTN8_YN, BTN9_YN, BTN10_YN, PRINT_YN, EXCEL_YN, MENU_YN, USE_YN, REG_ID, REG_DT)
values('FO_MGT_STD_120504', 'BBS_ADMIN', '0', '0', '0', '0', '0', '0', '0', '0', '0', '0', '0', '0', '0', '0', '0', '0', '0', '1', 'SYSTEM', SYSDATE);

insert into TB_CF_MENU_ROLE (MENU_ID, AUTHORITY, SEARCH_YN, NEW_YN, DELETE_YN, SAVE_YN, BTN1_YN, BTN2_YN, BTN3_YN, BTN4_YN, BTN5_YN, BTN6_YN, BTN7_YN, BTN8_YN, BTN9_YN, BTN10_YN, PRINT_YN, EXCEL_YN, MENU_YN, USE_YN, REG_ID, REG_DT)
values('FO_MGT_STD_120505', 'BBS_ADMIN', '0', '0', '0', '0', '0', '0', '0', '0', '0', '0', '0', '0', '0', '0', '0', '0', '0', '1', 'SYSTEM', SYSDATE);

insert into TB_CF_MENU_ROLE (MENU_ID, AUTHORITY, SEARCH_YN, NEW_YN, DELETE_YN, SAVE_YN, BTN1_YN, BTN2_YN, BTN3_YN, BTN4_YN, BTN5_YN, BTN6_YN, BTN7_YN, BTN8_YN, BTN9_YN, BTN10_YN, PRINT_YN, EXCEL_YN, MENU_YN, USE_YN, REG_ID, REG_DT)
values('FO_MGT_STD_1206', 'BBS_ADMIN', '0', '0', '0', '0', '0', '0', '0', '0', '0', '0', '0', '0', '0', '0', '0', '0', '0', '1', 'SYSTEM', SYSDATE);

insert into TB_CF_MENU_ROLE (MENU_ID, AUTHORITY, SEARCH_YN, NEW_YN, DELETE_YN, SAVE_YN, BTN1_YN, BTN2_YN, BTN3_YN, BTN4_YN, BTN5_YN, BTN6_YN, BTN7_YN, BTN8_YN, BTN9_YN, BTN10_YN, PRINT_YN, EXCEL_YN, MENU_YN, USE_YN, REG_ID, REG_DT)
values('FO_MGT_TPL_0207', 'ROLE_ADMIN', '1', '0', '0', '0', '0', '0', '0', '0', '0', '0', '0', '0', '0', '0', '0', '0', '0', '1', 'SYSTEM', SYSDATE);

insert into TB_CF_MENU_ROLE (MENU_ID, AUTHORITY, SEARCH_YN, NEW_YN, DELETE_YN, SAVE_YN, BTN1_YN, BTN2_YN, BTN3_YN, BTN4_YN, BTN5_YN, BTN6_YN, BTN7_YN, BTN8_YN, BTN9_YN, BTN10_YN, PRINT_YN, EXCEL_YN, MENU_YN, USE_YN, REG_ID, REG_DT)
values('FO_MGT_TPL_0208', 'ROLE_ADMIN', '1', '0', '0', '0', '0', '0', '0', '0', '0', '0', '0', '0', '0', '0', '0', '0', '0', '1', 'SYSTEM', SYSDATE);

insert into TB_CF_MENU_ROLE (MENU_ID, AUTHORITY, SEARCH_YN, NEW_YN, DELETE_YN, SAVE_YN, BTN1_YN, BTN2_YN, BTN3_YN, BTN4_YN, BTN5_YN, BTN6_YN, BTN7_YN, BTN8_YN, BTN9_YN, BTN10_YN, PRINT_YN, EXCEL_YN, MENU_YN, USE_YN, REG_ID, REG_DT)
values('FO_MGT_TPL_0206', 'ROLE_ADMIN', '1', '0', '0', '0', '0', '0', '0', '0', '0', '0', '0', '0', '0', '0', '0', '0', '0', '1', 'SYSTEM', SYSDATE);

insert into TB_CF_MENU_ROLE (MENU_ID, AUTHORITY, SEARCH_YN, NEW_YN, DELETE_YN, SAVE_YN, BTN1_YN, BTN2_YN, BTN3_YN, BTN4_YN, BTN5_YN, BTN6_YN, BTN7_YN, BTN8_YN, BTN9_YN, BTN10_YN, PRINT_YN, EXCEL_YN, MENU_YN, USE_YN, REG_ID, REG_DT)
values('FO_MGT_STD_12', 'ROLE_ADMIN', '1', '1', '0', '0', '0', '0', '1', '0', '0', '0', '0', '0', '0', '0', '0', '0', '1', '1', 'SYSTEM', SYSDATE);

insert into TB_CF_MENU_ROLE (MENU_ID, AUTHORITY, SEARCH_YN, NEW_YN, DELETE_YN, SAVE_YN, BTN1_YN, BTN2_YN, BTN3_YN, BTN4_YN, BTN5_YN, BTN6_YN, BTN7_YN, BTN8_YN, BTN9_YN, BTN10_YN, PRINT_YN, EXCEL_YN, MENU_YN, USE_YN, REG_ID, REG_DT)
values('FO_MGT_STD', 'ROLE_USER', '0', '0', '0', '0', '0', '0', '0', '0', '0', '0', '0', '0', '0', '0', '0', '0', '0', '0', 'SYSTEM', SYSDATE);

insert into TB_CF_MENU_ROLE (MENU_ID, AUTHORITY, SEARCH_YN, NEW_YN, DELETE_YN, SAVE_YN, BTN1_YN, BTN2_YN, BTN3_YN, BTN4_YN, BTN5_YN, BTN6_YN, BTN7_YN, BTN8_YN, BTN9_YN, BTN10_YN, PRINT_YN, EXCEL_YN, MENU_YN, USE_YN, REG_ID, REG_DT)
values('FO_MGT_STD_01', 'ROLE_USER', '0', '0', '0', '0', '0', '0', '0', '0', '0', '0', '0', '0', '0', '0', '0', '0', '0', '0', 'SYSTEM', SYSDATE);

insert into TB_CF_MENU_ROLE (MENU_ID, AUTHORITY, SEARCH_YN, NEW_YN, DELETE_YN, SAVE_YN, BTN1_YN, BTN2_YN, BTN3_YN, BTN4_YN, BTN5_YN, BTN6_YN, BTN7_YN, BTN8_YN, BTN9_YN, BTN10_YN, PRINT_YN, EXCEL_YN, MENU_YN, USE_YN, REG_ID, REG_DT)
values('FO_MGT_TPL_0402', 'ROLE_USER', '0', '0', '0', '0', '0', '0', '0', '0', '0', '0', '0', '0', '0', '0', '0', '0', '0', '1', 'SYSTEM', SYSDATE);

insert into TB_CF_MENU_ROLE (MENU_ID, AUTHORITY, SEARCH_YN, NEW_YN, DELETE_YN, SAVE_YN, BTN1_YN, BTN2_YN, BTN3_YN, BTN4_YN, BTN5_YN, BTN6_YN, BTN7_YN, BTN8_YN, BTN9_YN, BTN10_YN, PRINT_YN, EXCEL_YN, MENU_YN, USE_YN, REG_ID, REG_DT)
values('FO_MGT_TPL_0401', 'ROLE_USER', '0', '0', '0', '0', '0', '0', '0', '0', '0', '0', '0', '0', '0', '0', '0', '0', '0', '1', 'SYSTEM', SYSDATE);

insert into TB_CF_MENU_ROLE (MENU_ID, AUTHORITY, SEARCH_YN, NEW_YN, DELETE_YN, SAVE_YN, BTN1_YN, BTN2_YN, BTN3_YN, BTN4_YN, BTN5_YN, BTN6_YN, BTN7_YN, BTN8_YN, BTN9_YN, BTN10_YN, PRINT_YN, EXCEL_YN, MENU_YN, USE_YN, REG_ID, REG_DT)
values('FO_MGT', 'ROLE_ADMIN', '1', '0', '0', '1', '0', '0', '0', '0', '0', '0', '0', '0', '0', '0', '0', '0', '1', '1', 'SYSTEM', SYSDATE);

insert into TB_CF_MENU_ROLE (MENU_ID, AUTHORITY, SEARCH_YN, NEW_YN, DELETE_YN, SAVE_YN, BTN1_YN, BTN2_YN, BTN3_YN, BTN4_YN, BTN5_YN, BTN6_YN, BTN7_YN, BTN8_YN, BTN9_YN, BTN10_YN, PRINT_YN, EXCEL_YN, MENU_YN, USE_YN, REG_ID, REG_DT)
values('FO_MGT_STD', 'ROLE_ADMIN', '1', '0', '0', '1', '1', '1', '1', '1', '1', '1', '1', '1', '1', '1', '0', '0', '1', '1', 'SYSTEM', SYSDATE);

insert into TB_CF_MENU_ROLE (MENU_ID, AUTHORITY, SEARCH_YN, NEW_YN, DELETE_YN, SAVE_YN, BTN1_YN, BTN2_YN, BTN3_YN, BTN4_YN, BTN5_YN, BTN6_YN, BTN7_YN, BTN8_YN, BTN9_YN, BTN10_YN, PRINT_YN, EXCEL_YN, MENU_YN, USE_YN, REG_ID, REG_DT)
values('FO_MGT_STD_0101', 'ROLE_ADMIN', '1', '0', '0', '1', '0', '0', '0', '0', '0', '0', '0', '0', '0', '0', '0', '0', '0', '1', 'SYSTEM', SYSDATE);

insert into TB_CF_MENU_ROLE (MENU_ID, AUTHORITY, SEARCH_YN, NEW_YN, DELETE_YN, SAVE_YN, BTN1_YN, BTN2_YN, BTN3_YN, BTN4_YN, BTN5_YN, BTN6_YN, BTN7_YN, BTN8_YN, BTN9_YN, BTN10_YN, PRINT_YN, EXCEL_YN, MENU_YN, USE_YN, REG_ID, REG_DT)
values('FO_MGT_STD_0102', 'ROLE_ADMIN', '1', '0', '0', '1', '0', '0', '0', '0', '0', '0', '0', '0', '0', '0', '0', '0', '0', '1', 'SYSTEM', SYSDATE);

insert into TB_CF_MENU_ROLE (MENU_ID, AUTHORITY, SEARCH_YN, NEW_YN, DELETE_YN, SAVE_YN, BTN1_YN, BTN2_YN, BTN3_YN, BTN4_YN, BTN5_YN, BTN6_YN, BTN7_YN, BTN8_YN, BTN9_YN, BTN10_YN, PRINT_YN, EXCEL_YN, MENU_YN, USE_YN, REG_ID, REG_DT)
values('FO_MGT_STD_0103', 'ROLE_ADMIN', '1', '0', '0', '1', '0', '0', '0', '0', '0', '0', '0', '0', '0', '0', '0', '0', '0', '1', 'SYSTEM', SYSDATE);

insert into TB_CF_MENU_ROLE (MENU_ID, AUTHORITY, SEARCH_YN, NEW_YN, DELETE_YN, SAVE_YN, BTN1_YN, BTN2_YN, BTN3_YN, BTN4_YN, BTN5_YN, BTN6_YN, BTN7_YN, BTN8_YN, BTN9_YN, BTN10_YN, PRINT_YN, EXCEL_YN, MENU_YN, USE_YN, REG_ID, REG_DT)
values('FO_MGT_STD_02', 'ROLE_ADMIN', '1', '0', '0', '1', '1', '1', '1', '1', '1', '1', '1', '1', '1', '1', '0', '0', '1', '1', 'SYSTEM', SYSDATE);

insert into TB_CF_MENU_ROLE (MENU_ID, AUTHORITY, SEARCH_YN, NEW_YN, DELETE_YN, SAVE_YN, BTN1_YN, BTN2_YN, BTN3_YN, BTN4_YN, BTN5_YN, BTN6_YN, BTN7_YN, BTN8_YN, BTN9_YN, BTN10_YN, PRINT_YN, EXCEL_YN, MENU_YN, USE_YN, REG_ID, REG_DT)
values('FO_MGT_STD_0201', 'ROLE_ADMIN', '1', '0', '0', '1', '0', '0', '0', '0', '0', '0', '0', '0', '0', '0', '0', '0', '0', '1', 'SYSTEM', SYSDATE);

insert into TB_CF_MENU_ROLE (MENU_ID, AUTHORITY, SEARCH_YN, NEW_YN, DELETE_YN, SAVE_YN, BTN1_YN, BTN2_YN, BTN3_YN, BTN4_YN, BTN5_YN, BTN6_YN, BTN7_YN, BTN8_YN, BTN9_YN, BTN10_YN, PRINT_YN, EXCEL_YN, MENU_YN, USE_YN, REG_ID, REG_DT)
values('FO_MGT_STD_0202', 'ROLE_ADMIN', '1', '0', '0', '1', '0', '0', '0', '0', '0', '0', '0', '0', '0', '0', '0', '0', '0', '1', 'SYSTEM', SYSDATE);

insert into TB_CF_MENU_ROLE (MENU_ID, AUTHORITY, SEARCH_YN, NEW_YN, DELETE_YN, SAVE_YN, BTN1_YN, BTN2_YN, BTN3_YN, BTN4_YN, BTN5_YN, BTN6_YN, BTN7_YN, BTN8_YN, BTN9_YN, BTN10_YN, PRINT_YN, EXCEL_YN, MENU_YN, USE_YN, REG_ID, REG_DT)
values('FO_MGT_STD_0301', 'ROLE_ADMIN', '1', '0', '0', '1', '0', '0', '0', '0', '0', '0', '0', '0', '0', '0', '0', '0', '0', '1', 'SYSTEM', SYSDATE);

insert into TB_CF_MENU_ROLE (MENU_ID, AUTHORITY, SEARCH_YN, NEW_YN, DELETE_YN, SAVE_YN, BTN1_YN, BTN2_YN, BTN3_YN, BTN4_YN, BTN5_YN, BTN6_YN, BTN7_YN, BTN8_YN, BTN9_YN, BTN10_YN, PRINT_YN, EXCEL_YN, MENU_YN, USE_YN, REG_ID, REG_DT)
values('FO_MGT_STD_04', 'ROLE_ADMIN', '1', '0', '0', '1', '1', '1', '1', '1', '1', '1', '1', '1', '1', '1', '0', '0', '1', '1', 'SYSTEM', SYSDATE);

insert into TB_CF_MENU_ROLE (MENU_ID, AUTHORITY, SEARCH_YN, NEW_YN, DELETE_YN, SAVE_YN, BTN1_YN, BTN2_YN, BTN3_YN, BTN4_YN, BTN5_YN, BTN6_YN, BTN7_YN, BTN8_YN, BTN9_YN, BTN10_YN, PRINT_YN, EXCEL_YN, MENU_YN, USE_YN, REG_ID, REG_DT)
values('FO_MGT_STD_0401', 'ROLE_ADMIN', '1', '0', '0', '1', '0', '0', '0', '0', '0', '0', '0', '0', '0', '0', '0', '0', '0', '1', 'SYSTEM', SYSDATE);

insert into TB_CF_MENU_ROLE (MENU_ID, AUTHORITY, SEARCH_YN, NEW_YN, DELETE_YN, SAVE_YN, BTN1_YN, BTN2_YN, BTN3_YN, BTN4_YN, BTN5_YN, BTN6_YN, BTN7_YN, BTN8_YN, BTN9_YN, BTN10_YN, PRINT_YN, EXCEL_YN, MENU_YN, USE_YN, REG_ID, REG_DT)
values('FO_MGT_STD_0402', 'ROLE_ADMIN', '1', '0', '0', '1', '0', '0', '0', '0', '0', '0', '0', '0', '0', '0', '0', '0', '0', '1', 'SYSTEM', SYSDATE);

insert into TB_CF_MENU_ROLE (MENU_ID, AUTHORITY, SEARCH_YN, NEW_YN, DELETE_YN, SAVE_YN, BTN1_YN, BTN2_YN, BTN3_YN, BTN4_YN, BTN5_YN, BTN6_YN, BTN7_YN, BTN8_YN, BTN9_YN, BTN10_YN, PRINT_YN, EXCEL_YN, MENU_YN, USE_YN, REG_ID, REG_DT)
values('FO_MGT_STD_05', 'ROLE_ADMIN', '1', '0', '0', '1', '1', '1', '1', '1', '1', '1', '1', '1', '1', '1', '0', '0', '1', '1', 'SYSTEM', SYSDATE);

insert into TB_CF_MENU_ROLE (MENU_ID, AUTHORITY, SEARCH_YN, NEW_YN, DELETE_YN, SAVE_YN, BTN1_YN, BTN2_YN, BTN3_YN, BTN4_YN, BTN5_YN, BTN6_YN, BTN7_YN, BTN8_YN, BTN9_YN, BTN10_YN, PRINT_YN, EXCEL_YN, MENU_YN, USE_YN, REG_ID, REG_DT)
values('FO_MGT_STD_0501', 'ROLE_ADMIN', '1', '0', '0', '1', '0', '0', '0', '0', '0', '0', '0', '0', '0', '0', '0', '0', '0', '1', 'SYSTEM', SYSDATE);

insert into TB_CF_MENU_ROLE (MENU_ID, AUTHORITY, SEARCH_YN, NEW_YN, DELETE_YN, SAVE_YN, BTN1_YN, BTN2_YN, BTN3_YN, BTN4_YN, BTN5_YN, BTN6_YN, BTN7_YN, BTN8_YN, BTN9_YN, BTN10_YN, PRINT_YN, EXCEL_YN, MENU_YN, USE_YN, REG_ID, REG_DT)
values('FO_MGT_STD_0502', 'ROLE_ADMIN', '1', '0', '0', '1', '0', '0', '0', '0', '0', '0', '0', '0', '0', '0', '0', '0', '0', '1', 'SYSTEM', SYSDATE);

insert into TB_CF_MENU_ROLE (MENU_ID, AUTHORITY, SEARCH_YN, NEW_YN, DELETE_YN, SAVE_YN, BTN1_YN, BTN2_YN, BTN3_YN, BTN4_YN, BTN5_YN, BTN6_YN, BTN7_YN, BTN8_YN, BTN9_YN, BTN10_YN, PRINT_YN, EXCEL_YN, MENU_YN, USE_YN, REG_ID, REG_DT)
values('FO_MGT_STD_06', 'ROLE_ADMIN', '1', '0', '0', '1', '1', '1', '1', '1', '1', '1', '1', '1', '1', '1', '0', '0', '1', '1', 'SYSTEM', SYSDATE);

insert into TB_CF_MENU_ROLE (MENU_ID, AUTHORITY, SEARCH_YN, NEW_YN, DELETE_YN, SAVE_YN, BTN1_YN, BTN2_YN, BTN3_YN, BTN4_YN, BTN5_YN, BTN6_YN, BTN7_YN, BTN8_YN, BTN9_YN, BTN10_YN, PRINT_YN, EXCEL_YN, MENU_YN, USE_YN, REG_ID, REG_DT)
values('FO_MGT_STD_0601', 'ROLE_ADMIN', '1', '0', '0', '1', '0', '0', '0', '0', '0', '0', '0', '0', '0', '0', '0', '0', '0', '1', 'SYSTEM', SYSDATE);

insert into TB_CF_MENU_ROLE (MENU_ID, AUTHORITY, SEARCH_YN, NEW_YN, DELETE_YN, SAVE_YN, BTN1_YN, BTN2_YN, BTN3_YN, BTN4_YN, BTN5_YN, BTN6_YN, BTN7_YN, BTN8_YN, BTN9_YN, BTN10_YN, PRINT_YN, EXCEL_YN, MENU_YN, USE_YN, REG_ID, REG_DT)
values('FO_MGT_STD_0602', 'ROLE_ADMIN', '1', '0', '0', '1', '0', '0', '0', '0', '0', '0', '0', '0', '0', '0', '0', '0', '0', '1', 'SYSTEM', SYSDATE);

insert into TB_CF_MENU_ROLE (MENU_ID, AUTHORITY, SEARCH_YN, NEW_YN, DELETE_YN, SAVE_YN, BTN1_YN, BTN2_YN, BTN3_YN, BTN4_YN, BTN5_YN, BTN6_YN, BTN7_YN, BTN8_YN, BTN9_YN, BTN10_YN, PRINT_YN, EXCEL_YN, MENU_YN, USE_YN, REG_ID, REG_DT)
values('FO_MGT_STD_07', 'ROLE_ADMIN', '1', '0', '0', '1', '1', '1', '1', '1', '1', '1', '1', '1', '1', '1', '0', '0', '1', '1', 'SYSTEM', SYSDATE);

insert into TB_CF_MENU_ROLE (MENU_ID, AUTHORITY, SEARCH_YN, NEW_YN, DELETE_YN, SAVE_YN, BTN1_YN, BTN2_YN, BTN3_YN, BTN4_YN, BTN5_YN, BTN6_YN, BTN7_YN, BTN8_YN, BTN9_YN, BTN10_YN, PRINT_YN, EXCEL_YN, MENU_YN, USE_YN, REG_ID, REG_DT)
values('FO_MGT_STD_0701', 'ROLE_ADMIN', '1', '0', '0', '1', '0', '0', '0', '0', '0', '0', '0', '0', '0', '0', '0', '0', '0', '1', 'SYSTEM', SYSDATE);

insert into TB_CF_MENU_ROLE (MENU_ID, AUTHORITY, SEARCH_YN, NEW_YN, DELETE_YN, SAVE_YN, BTN1_YN, BTN2_YN, BTN3_YN, BTN4_YN, BTN5_YN, BTN6_YN, BTN7_YN, BTN8_YN, BTN9_YN, BTN10_YN, PRINT_YN, EXCEL_YN, MENU_YN, USE_YN, REG_ID, REG_DT)
values('FO_MGT_STD_0702', 'ROLE_ADMIN', '1', '0', '0', '1', '0', '0', '0', '0', '0', '0', '0', '0', '0', '0', '0', '0', '0', '1', 'SYSTEM', SYSDATE);

insert into TB_CF_MENU_ROLE (MENU_ID, AUTHORITY, SEARCH_YN, NEW_YN, DELETE_YN, SAVE_YN, BTN1_YN, BTN2_YN, BTN3_YN, BTN4_YN, BTN5_YN, BTN6_YN, BTN7_YN, BTN8_YN, BTN9_YN, BTN10_YN, PRINT_YN, EXCEL_YN, MENU_YN, USE_YN, REG_ID, REG_DT)
values('FO_MGT_STD_0703', 'ROLE_ADMIN', '1', '0', '0', '1', '0', '0', '0', '0', '0', '0', '0', '0', '0', '0', '0', '0', '0', '1', 'SYSTEM', SYSDATE);

insert into TB_CF_MENU_ROLE (MENU_ID, AUTHORITY, SEARCH_YN, NEW_YN, DELETE_YN, SAVE_YN, BTN1_YN, BTN2_YN, BTN3_YN, BTN4_YN, BTN5_YN, BTN6_YN, BTN7_YN, BTN8_YN, BTN9_YN, BTN10_YN, PRINT_YN, EXCEL_YN, MENU_YN, USE_YN, REG_ID, REG_DT)
values('FO_MGT_STD_08', 'ROLE_ADMIN', '1', '0', '0', '1', '1', '1', '1', '1', '1', '1', '1', '1', '1', '1', '0', '0', '1', '1', 'SYSTEM', SYSDATE);

insert into TB_CF_MENU_ROLE (MENU_ID, AUTHORITY, SEARCH_YN, NEW_YN, DELETE_YN, SAVE_YN, BTN1_YN, BTN2_YN, BTN3_YN, BTN4_YN, BTN5_YN, BTN6_YN, BTN7_YN, BTN8_YN, BTN9_YN, BTN10_YN, PRINT_YN, EXCEL_YN, MENU_YN, USE_YN, REG_ID, REG_DT)
values('FO_MGT_STD_0801', 'ROLE_ADMIN', '1', '0', '0', '1', '0', '0', '0', '0', '0', '0', '0', '0', '0', '0', '0', '0', '0', '1', 'SYSTEM', SYSDATE);

insert into TB_CF_MENU_ROLE (MENU_ID, AUTHORITY, SEARCH_YN, NEW_YN, DELETE_YN, SAVE_YN, BTN1_YN, BTN2_YN, BTN3_YN, BTN4_YN, BTN5_YN, BTN6_YN, BTN7_YN, BTN8_YN, BTN9_YN, BTN10_YN, PRINT_YN, EXCEL_YN, MENU_YN, USE_YN, REG_ID, REG_DT)
values('FO_MGT_STD_0802', 'ROLE_ADMIN', '1', '0', '0', '1', '0', '0', '0', '0', '0', '0', '0', '0', '0', '0', '0', '0', '0', '1', 'SYSTEM', SYSDATE);

insert into TB_CF_MENU_ROLE (MENU_ID, AUTHORITY, SEARCH_YN, NEW_YN, DELETE_YN, SAVE_YN, BTN1_YN, BTN2_YN, BTN3_YN, BTN4_YN, BTN5_YN, BTN6_YN, BTN7_YN, BTN8_YN, BTN9_YN, BTN10_YN, PRINT_YN, EXCEL_YN, MENU_YN, USE_YN, REG_ID, REG_DT)
values('FO_MGT_STD_0803', 'ROLE_ADMIN', '1', '0', '0', '1', '0', '0', '0', '0', '0', '0', '0', '0', '0', '0', '0', '0', '0', '1', 'SYSTEM', SYSDATE);

insert into TB_CF_MENU_ROLE (MENU_ID, AUTHORITY, SEARCH_YN, NEW_YN, DELETE_YN, SAVE_YN, BTN1_YN, BTN2_YN, BTN3_YN, BTN4_YN, BTN5_YN, BTN6_YN, BTN7_YN, BTN8_YN, BTN9_YN, BTN10_YN, PRINT_YN, EXCEL_YN, MENU_YN, USE_YN, REG_ID, REG_DT)
values('FO_MGT_STD_1001', 'ROLE_ADMIN', '1', '0', '0', '1', '0', '0', '0', '0', '0', '0', '0', '0', '0', '0', '0', '0', '0', '1', 'SYSTEM', SYSDATE);

insert into TB_CF_MENU_ROLE (MENU_ID, AUTHORITY, SEARCH_YN, NEW_YN, DELETE_YN, SAVE_YN, BTN1_YN, BTN2_YN, BTN3_YN, BTN4_YN, BTN5_YN, BTN6_YN, BTN7_YN, BTN8_YN, BTN9_YN, BTN10_YN, PRINT_YN, EXCEL_YN, MENU_YN, USE_YN, REG_ID, REG_DT)
values('FO_MGT_STD_1002', 'ROLE_ADMIN', '1', '0', '0', '1', '0', '0', '0', '0', '0', '0', '0', '0', '0', '0', '0', '0', '0', '1', 'SYSTEM', SYSDATE);

insert into TB_CF_MENU_ROLE (MENU_ID, AUTHORITY, SEARCH_YN, NEW_YN, DELETE_YN, SAVE_YN, BTN1_YN, BTN2_YN, BTN3_YN, BTN4_YN, BTN5_YN, BTN6_YN, BTN7_YN, BTN8_YN, BTN9_YN, BTN10_YN, PRINT_YN, EXCEL_YN, MENU_YN, USE_YN, REG_ID, REG_DT)
values('FO_MGT_TPL', 'ROLE_ADMIN', '1', '0', '0', '1', '0', '0', '0', '0', '0', '0', '0', '0', '0', '0', '0', '0', '1', '1', 'SYSTEM', SYSDATE);

insert into TB_CF_MENU_ROLE (MENU_ID, AUTHORITY, SEARCH_YN, NEW_YN, DELETE_YN, SAVE_YN, BTN1_YN, BTN2_YN, BTN3_YN, BTN4_YN, BTN5_YN, BTN6_YN, BTN7_YN, BTN8_YN, BTN9_YN, BTN10_YN, PRINT_YN, EXCEL_YN, MENU_YN, USE_YN, REG_ID, REG_DT)
values('FO_MGT_TPL_01', 'ROLE_ADMIN', '1', '0', '0', '1', '0', '0', '0', '0', '0', '0', '0', '0', '0', '0', '0', '0', '1', '1', 'SYSTEM', SYSDATE);

insert into TB_CF_MENU_ROLE (MENU_ID, AUTHORITY, SEARCH_YN, NEW_YN, DELETE_YN, SAVE_YN, BTN1_YN, BTN2_YN, BTN3_YN, BTN4_YN, BTN5_YN, BTN6_YN, BTN7_YN, BTN8_YN, BTN9_YN, BTN10_YN, PRINT_YN, EXCEL_YN, MENU_YN, USE_YN, REG_ID, REG_DT)
values('FO_MGT_TPL_0201', 'ROLE_ADMIN', '1', '0', '0', '1', '0', '0', '0', '0', '0', '0', '0', '0', '0', '0', '0', '0', '0', '1', 'SYSTEM', SYSDATE);

insert into TB_CF_MENU_ROLE (MENU_ID, AUTHORITY, SEARCH_YN, NEW_YN, DELETE_YN, SAVE_YN, BTN1_YN, BTN2_YN, BTN3_YN, BTN4_YN, BTN5_YN, BTN6_YN, BTN7_YN, BTN8_YN, BTN9_YN, BTN10_YN, PRINT_YN, EXCEL_YN, MENU_YN, USE_YN, REG_ID, REG_DT)
values('FO_MGT_TPL_0202', 'ROLE_ADMIN', '1', '0', '0', '1', '0', '0', '0', '0', '0', '0', '0', '0', '0', '0', '0', '0', '0', '1', 'SYSTEM', SYSDATE);

insert into TB_CF_MENU_ROLE (MENU_ID, AUTHORITY, SEARCH_YN, NEW_YN, DELETE_YN, SAVE_YN, BTN1_YN, BTN2_YN, BTN3_YN, BTN4_YN, BTN5_YN, BTN6_YN, BTN7_YN, BTN8_YN, BTN9_YN, BTN10_YN, PRINT_YN, EXCEL_YN, MENU_YN, USE_YN, REG_ID, REG_DT)
values('FO_MGT_TPL_0203', 'ROLE_ADMIN', '0', '0', '0', '0', '0', '0', '0', '0', '0', '0', '0', '0', '0', '0', '0', '0', '0', '1', 'SYSTEM', SYSDATE);

insert into TB_CF_MENU_ROLE (MENU_ID, AUTHORITY, SEARCH_YN, NEW_YN, DELETE_YN, SAVE_YN, BTN1_YN, BTN2_YN, BTN3_YN, BTN4_YN, BTN5_YN, BTN6_YN, BTN7_YN, BTN8_YN, BTN9_YN, BTN10_YN, PRINT_YN, EXCEL_YN, MENU_YN, USE_YN, REG_ID, REG_DT)
values('FO_MGT_TPL_03', 'ROLE_ADMIN', '0', '0', '0', '0', '0', '0', '0', '0', '0', '0', '0', '0', '0', '0', '0', '0', '1', '1', 'SYSTEM', SYSDATE);

insert into TB_CF_MENU_ROLE (MENU_ID, AUTHORITY, SEARCH_YN, NEW_YN, DELETE_YN, SAVE_YN, BTN1_YN, BTN2_YN, BTN3_YN, BTN4_YN, BTN5_YN, BTN6_YN, BTN7_YN, BTN8_YN, BTN9_YN, BTN10_YN, PRINT_YN, EXCEL_YN, MENU_YN, USE_YN, REG_ID, REG_DT)
values('FO_MGT_TPL_0301', 'ROLE_ADMIN', '0', '0', '0', '0', '0', '0', '0', '0', '0', '0', '0', '0', '0', '0', '0', '0', '0', '1', 'SYSTEM', SYSDATE);

insert into TB_CF_MENU_ROLE (MENU_ID, AUTHORITY, SEARCH_YN, NEW_YN, DELETE_YN, SAVE_YN, BTN1_YN, BTN2_YN, BTN3_YN, BTN4_YN, BTN5_YN, BTN6_YN, BTN7_YN, BTN8_YN, BTN9_YN, BTN10_YN, PRINT_YN, EXCEL_YN, MENU_YN, USE_YN, REG_ID, REG_DT)
values('FO_MGT_TPL_0302', 'ROLE_ADMIN', '0', '0', '0', '0', '0', '0', '0', '0', '0', '0', '0', '0', '0', '0', '0', '0', '0', '1', 'SYSTEM', SYSDATE);

insert into TB_CF_MENU_ROLE (MENU_ID, AUTHORITY, SEARCH_YN, NEW_YN, DELETE_YN, SAVE_YN, BTN1_YN, BTN2_YN, BTN3_YN, BTN4_YN, BTN5_YN, BTN6_YN, BTN7_YN, BTN8_YN, BTN9_YN, BTN10_YN, PRINT_YN, EXCEL_YN, MENU_YN, USE_YN, REG_ID, REG_DT)
values('FO_MGT_TPL_04', 'ROLE_ADMIN', '0', '0', '0', '0', '0', '0', '0', '0', '0', '0', '0', '0', '0', '0', '0', '0', '1', '1', 'SYSTEM', SYSDATE);

insert into TB_CF_MENU_ROLE (MENU_ID, AUTHORITY, SEARCH_YN, NEW_YN, DELETE_YN, SAVE_YN, BTN1_YN, BTN2_YN, BTN3_YN, BTN4_YN, BTN5_YN, BTN6_YN, BTN7_YN, BTN8_YN, BTN9_YN, BTN10_YN, PRINT_YN, EXCEL_YN, MENU_YN, USE_YN, REG_ID, REG_DT)
values('FO_MGT_TPL_07', 'ROLE_ADMIN', '1', '0', '0', '0', '0', '0', '0', '0', '0', '0', '0', '0', '0', '0', '0', '0', '1', '1', 'SYSTEM', SYSDATE);

insert into TB_CF_MENU_ROLE (MENU_ID, AUTHORITY, SEARCH_YN, NEW_YN, DELETE_YN, SAVE_YN, BTN1_YN, BTN2_YN, BTN3_YN, BTN4_YN, BTN5_YN, BTN6_YN, BTN7_YN, BTN8_YN, BTN9_YN, BTN10_YN, PRINT_YN, EXCEL_YN, MENU_YN, USE_YN, REG_ID, REG_DT)
values('FO_MGT_TPL_0701', 'ROLE_ADMIN', '1', '0', '0', '0', '0', '0', '0', '0', '0', '0', '0', '0', '0', '0', '0', '0', '0', '1', 'SYSTEM', SYSDATE);

insert into TB_CF_MENU_ROLE (MENU_ID, AUTHORITY, SEARCH_YN, NEW_YN, DELETE_YN, SAVE_YN, BTN1_YN, BTN2_YN, BTN3_YN, BTN4_YN, BTN5_YN, BTN6_YN, BTN7_YN, BTN8_YN, BTN9_YN, BTN10_YN, PRINT_YN, EXCEL_YN, MENU_YN, USE_YN, REG_ID, REG_DT)
values('FO_MGT_TPL_0702', 'ROLE_ADMIN', '1', '0', '0', '0', '0', '0', '0', '0', '0', '0', '0', '0', '0', '0', '0', '0', '0', '1', 'SYSTEM', SYSDATE);

insert into TB_CF_MENU_ROLE (MENU_ID, AUTHORITY, SEARCH_YN, NEW_YN, DELETE_YN, SAVE_YN, BTN1_YN, BTN2_YN, BTN3_YN, BTN4_YN, BTN5_YN, BTN6_YN, BTN7_YN, BTN8_YN, BTN9_YN, BTN10_YN, PRINT_YN, EXCEL_YN, MENU_YN, USE_YN, REG_ID, REG_DT)
values('FO_MGT_STD_12', 'ROLE_USER', '1', '0', '0', '0', '0', '0', '0', '0', '0', '0', '0', '0', '0', '0', '0', '0', '1', '1', 'SYSTEM', SYSDATE);

insert into TB_CF_MENU_ROLE (MENU_ID, AUTHORITY, SEARCH_YN, NEW_YN, DELETE_YN, SAVE_YN, BTN1_YN, BTN2_YN, BTN3_YN, BTN4_YN, BTN5_YN, BTN6_YN, BTN7_YN, BTN8_YN, BTN9_YN, BTN10_YN, PRINT_YN, EXCEL_YN, MENU_YN, USE_YN, REG_ID, REG_DT)
values('FO_MGT_STD_1201', 'ROLE_USER', '0', '0', '0', '0', '0', '0', '0', '0', '0', '0', '0', '0', '0', '0', '0', '0', '0', '1', 'SYSTEM', SYSDATE);

insert into TB_CF_MENU_ROLE (MENU_ID, AUTHORITY, SEARCH_YN, NEW_YN, DELETE_YN, SAVE_YN, BTN1_YN, BTN2_YN, BTN3_YN, BTN4_YN, BTN5_YN, BTN6_YN, BTN7_YN, BTN8_YN, BTN9_YN, BTN10_YN, PRINT_YN, EXCEL_YN, MENU_YN, USE_YN, REG_ID, REG_DT)
values('FO_MGT_STD_1202', 'ROLE_USER', '0', '0', '0', '0', '0', '0', '0', '0', '0', '0', '0', '0', '0', '0', '0', '0', '0', '1', 'SYSTEM', SYSDATE);

insert into TB_CF_MENU_ROLE (MENU_ID, AUTHORITY, SEARCH_YN, NEW_YN, DELETE_YN, SAVE_YN, BTN1_YN, BTN2_YN, BTN3_YN, BTN4_YN, BTN5_YN, BTN6_YN, BTN7_YN, BTN8_YN, BTN9_YN, BTN10_YN, PRINT_YN, EXCEL_YN, MENU_YN, USE_YN, REG_ID, REG_DT)
values('FO_MGT_STD_120301', 'ROLE_USER', '0', '0', '0', '0', '0', '0', '0', '0', '0', '0', '0', '0', '0', '0', '0', '0', '0', '1', 'SYSTEM', SYSDATE);

insert into TB_CF_MENU_ROLE (MENU_ID, AUTHORITY, SEARCH_YN, NEW_YN, DELETE_YN, SAVE_YN, BTN1_YN, BTN2_YN, BTN3_YN, BTN4_YN, BTN5_YN, BTN6_YN, BTN7_YN, BTN8_YN, BTN9_YN, BTN10_YN, PRINT_YN, EXCEL_YN, MENU_YN, USE_YN, REG_ID, REG_DT)
values('FO_MGT_STD_120302', 'ROLE_USER', '0', '0', '0', '0', '0', '0', '0', '0', '0', '0', '0', '0', '0', '0', '0', '0', '0', '1', 'SYSTEM', SYSDATE);

insert into TB_CF_MENU_ROLE (MENU_ID, AUTHORITY, SEARCH_YN, NEW_YN, DELETE_YN, SAVE_YN, BTN1_YN, BTN2_YN, BTN3_YN, BTN4_YN, BTN5_YN, BTN6_YN, BTN7_YN, BTN8_YN, BTN9_YN, BTN10_YN, PRINT_YN, EXCEL_YN, MENU_YN, USE_YN, REG_ID, REG_DT)
values('FO_MGT_STD_120401', 'ROLE_USER', '0', '0', '0', '0', '0', '0', '0', '0', '0', '0', '0', '0', '0', '0', '0', '0', '0', '1', 'SYSTEM', SYSDATE);

insert into TB_CF_MENU_ROLE (MENU_ID, AUTHORITY, SEARCH_YN, NEW_YN, DELETE_YN, SAVE_YN, BTN1_YN, BTN2_YN, BTN3_YN, BTN4_YN, BTN5_YN, BTN6_YN, BTN7_YN, BTN8_YN, BTN9_YN, BTN10_YN, PRINT_YN, EXCEL_YN, MENU_YN, USE_YN, REG_ID, REG_DT)
values('FO_MGT_STD_120501', 'ROLE_USER', '0', '0', '0', '0', '0', '0', '0', '0', '0', '0', '0', '0', '0', '0', '0', '0', '0', '1', 'SYSTEM', SYSDATE);

insert into TB_CF_MENU_ROLE (MENU_ID, AUTHORITY, SEARCH_YN, NEW_YN, DELETE_YN, SAVE_YN, BTN1_YN, BTN2_YN, BTN3_YN, BTN4_YN, BTN5_YN, BTN6_YN, BTN7_YN, BTN8_YN, BTN9_YN, BTN10_YN, PRINT_YN, EXCEL_YN, MENU_YN, USE_YN, REG_ID, REG_DT)
values('FO_MGT_STD_120502', 'ROLE_USER', '0', '0', '0', '0', '0', '0', '0', '0', '0', '0', '0', '0', '0', '0', '0', '0', '0', '1', 'SYSTEM', SYSDATE);

insert into TB_CF_MENU_ROLE (MENU_ID, AUTHORITY, SEARCH_YN, NEW_YN, DELETE_YN, SAVE_YN, BTN1_YN, BTN2_YN, BTN3_YN, BTN4_YN, BTN5_YN, BTN6_YN, BTN7_YN, BTN8_YN, BTN9_YN, BTN10_YN, PRINT_YN, EXCEL_YN, MENU_YN, USE_YN, REG_ID, REG_DT)
values('FO_MGT_STD_120503', 'ROLE_USER', '0', '0', '0', '0', '0', '0', '0', '0', '0', '0', '0', '0', '0', '0', '0', '0', '0', '1', 'SYSTEM', SYSDATE);

insert into TB_CF_MENU_ROLE (MENU_ID, AUTHORITY, SEARCH_YN, NEW_YN, DELETE_YN, SAVE_YN, BTN1_YN, BTN2_YN, BTN3_YN, BTN4_YN, BTN5_YN, BTN6_YN, BTN7_YN, BTN8_YN, BTN9_YN, BTN10_YN, PRINT_YN, EXCEL_YN, MENU_YN, USE_YN, REG_ID, REG_DT)
values('FO_MGT_STD_120504', 'ROLE_USER', '0', '0', '0', '0', '0', '0', '0', '0', '0', '0', '0', '0', '0', '0', '0', '0', '0', '1', 'SYSTEM', SYSDATE);

insert into TB_CF_MENU_ROLE (MENU_ID, AUTHORITY, SEARCH_YN, NEW_YN, DELETE_YN, SAVE_YN, BTN1_YN, BTN2_YN, BTN3_YN, BTN4_YN, BTN5_YN, BTN6_YN, BTN7_YN, BTN8_YN, BTN9_YN, BTN10_YN, PRINT_YN, EXCEL_YN, MENU_YN, USE_YN, REG_ID, REG_DT)
values('FO_MGT_STD_120505', 'ROLE_USER', '0', '0', '0', '0', '0', '0', '0', '0', '0', '0', '0', '0', '0', '0', '0', '0', '0', '1', 'SYSTEM', SYSDATE);

insert into TB_CF_MENU_ROLE (MENU_ID, AUTHORITY, SEARCH_YN, NEW_YN, DELETE_YN, SAVE_YN, BTN1_YN, BTN2_YN, BTN3_YN, BTN4_YN, BTN5_YN, BTN6_YN, BTN7_YN, BTN8_YN, BTN9_YN, BTN10_YN, PRINT_YN, EXCEL_YN, MENU_YN, USE_YN, REG_ID, REG_DT)
values('FO_MGT_STD_0302', 'ROLE_ADMIN', '0', '0', '0', '0', '0', '0', '0', '0', '0', '0', '0', '0', '0', '0', '0', '0', '0', '1', 'SYSTEM', SYSDATE);

insert into TB_CF_MENU_ROLE (MENU_ID, AUTHORITY, SEARCH_YN, NEW_YN, DELETE_YN, SAVE_YN, BTN1_YN, BTN2_YN, BTN3_YN, BTN4_YN, BTN5_YN, BTN6_YN, BTN7_YN, BTN8_YN, BTN9_YN, BTN10_YN, PRINT_YN, EXCEL_YN, MENU_YN, USE_YN, REG_ID, REG_DT)
values('FO_MGT_STD_03', 'ROLE_ADMIN', '1', '0', '0', '1', '1', '0', '0', '0', '0', '0', '0', '0', '0', '0', '0', '0', '1', '1', 'SYSTEM', SYSDATE);

insert into TB_CF_MENU_ROLE (MENU_ID, AUTHORITY, SEARCH_YN, NEW_YN, DELETE_YN, SAVE_YN, BTN1_YN, BTN2_YN, BTN3_YN, BTN4_YN, BTN5_YN, BTN6_YN, BTN7_YN, BTN8_YN, BTN9_YN, BTN10_YN, PRINT_YN, EXCEL_YN, MENU_YN, USE_YN, REG_ID, REG_DT)
values('FO_MGT_TPL_01', 'ROLE_USER', '0', '0', '0', '0', '0', '0', '0', '0', '0', '0', '0', '0', '0', '0', '0', '0', '0', '1', 'SYSTEM', SYSDATE);

insert into TB_CF_MENU_ROLE (MENU_ID, AUTHORITY, SEARCH_YN, NEW_YN, DELETE_YN, SAVE_YN, BTN1_YN, BTN2_YN, BTN3_YN, BTN4_YN, BTN5_YN, BTN6_YN, BTN7_YN, BTN8_YN, BTN9_YN, BTN10_YN, PRINT_YN, EXCEL_YN, MENU_YN, USE_YN, REG_ID, REG_DT)
values('FO_MGT_TPL_0201', 'ROLE_USER', '0', '0', '0', '0', '0', '0', '0', '0', '0', '0', '0', '0', '0', '0', '0', '0', '0', '1', 'SYSTEM', SYSDATE);

insert into TB_CF_MENU_ROLE (MENU_ID, AUTHORITY, SEARCH_YN, NEW_YN, DELETE_YN, SAVE_YN, BTN1_YN, BTN2_YN, BTN3_YN, BTN4_YN, BTN5_YN, BTN6_YN, BTN7_YN, BTN8_YN, BTN9_YN, BTN10_YN, PRINT_YN, EXCEL_YN, MENU_YN, USE_YN, REG_ID, REG_DT)
values('FO_MGT_TPL_0202', 'ROLE_USER', '0', '0', '0', '0', '0', '0', '0', '0', '0', '0', '0', '0', '0', '0', '0', '0', '0', '1', 'SYSTEM', SYSDATE);

insert into TB_CF_MENU_ROLE (MENU_ID, AUTHORITY, SEARCH_YN, NEW_YN, DELETE_YN, SAVE_YN, BTN1_YN, BTN2_YN, BTN3_YN, BTN4_YN, BTN5_YN, BTN6_YN, BTN7_YN, BTN8_YN, BTN9_YN, BTN10_YN, PRINT_YN, EXCEL_YN, MENU_YN, USE_YN, REG_ID, REG_DT)
values('FO_MGT_TPL_0203', 'ROLE_USER', '0', '0', '0', '0', '0', '0', '0', '0', '0', '0', '0', '0', '0', '0', '0', '0', '0', '1', 'SYSTEM', SYSDATE);

insert into TB_CF_MENU_ROLE (MENU_ID, AUTHORITY, SEARCH_YN, NEW_YN, DELETE_YN, SAVE_YN, BTN1_YN, BTN2_YN, BTN3_YN, BTN4_YN, BTN5_YN, BTN6_YN, BTN7_YN, BTN8_YN, BTN9_YN, BTN10_YN, PRINT_YN, EXCEL_YN, MENU_YN, USE_YN, REG_ID, REG_DT)
values('FO_MGT_TPL_0301', 'ROLE_USER', '0', '0', '0', '0', '0', '0', '0', '0', '0', '0', '0', '0', '0', '0', '0', '0', '0', '1', 'SYSTEM', SYSDATE);

insert into TB_CF_MENU_ROLE (MENU_ID, AUTHORITY, SEARCH_YN, NEW_YN, DELETE_YN, SAVE_YN, BTN1_YN, BTN2_YN, BTN3_YN, BTN4_YN, BTN5_YN, BTN6_YN, BTN7_YN, BTN8_YN, BTN9_YN, BTN10_YN, PRINT_YN, EXCEL_YN, MENU_YN, USE_YN, REG_ID, REG_DT)
values('FO_MGT_TPL_0302', 'ROLE_USER', '0', '0', '0', '0', '0', '0', '0', '0', '0', '0', '0', '0', '0', '0', '0', '0', '0', '1', 'SYSTEM', SYSDATE);

insert into TB_CF_MENU_ROLE (MENU_ID, AUTHORITY, SEARCH_YN, NEW_YN, DELETE_YN, SAVE_YN, BTN1_YN, BTN2_YN, BTN3_YN, BTN4_YN, BTN5_YN, BTN6_YN, BTN7_YN, BTN8_YN, BTN9_YN, BTN10_YN, PRINT_YN, EXCEL_YN, MENU_YN, USE_YN, REG_ID, REG_DT)
values('FO_MGT_STD_01', 'BBS_ADMIN', '0', '0', '0', '0', '0', '0', '0', '0', '0', '0', '0', '0', '0', '0', '0', '0', '1', '1', 'SYSTEM', SYSDATE);

insert into TB_CF_MENU_ROLE (MENU_ID, AUTHORITY, SEARCH_YN, NEW_YN, DELETE_YN, SAVE_YN, BTN1_YN, BTN2_YN, BTN3_YN, BTN4_YN, BTN5_YN, BTN6_YN, BTN7_YN, BTN8_YN, BTN9_YN, BTN10_YN, PRINT_YN, EXCEL_YN, MENU_YN, USE_YN, REG_ID, REG_DT)
values('FO_MGT_STD_0101', 'BBS_ADMIN', '0', '0', '0', '0', '0', '0', '0', '0', '0', '0', '0', '0', '0', '0', '0', '0', '0', '1', 'SYSTEM', SYSDATE);

insert into TB_CF_MENU_ROLE (MENU_ID, AUTHORITY, SEARCH_YN, NEW_YN, DELETE_YN, SAVE_YN, BTN1_YN, BTN2_YN, BTN3_YN, BTN4_YN, BTN5_YN, BTN6_YN, BTN7_YN, BTN8_YN, BTN9_YN, BTN10_YN, PRINT_YN, EXCEL_YN, MENU_YN, USE_YN, REG_ID, REG_DT)
values('FO_MGT_STD_0102', 'BBS_ADMIN', '0', '0', '0', '0', '0', '0', '0', '0', '0', '0', '0', '0', '0', '0', '0', '0', '0', '1', 'SYSTEM', SYSDATE);

insert into TB_CF_MENU_ROLE (MENU_ID, AUTHORITY, SEARCH_YN, NEW_YN, DELETE_YN, SAVE_YN, BTN1_YN, BTN2_YN, BTN3_YN, BTN4_YN, BTN5_YN, BTN6_YN, BTN7_YN, BTN8_YN, BTN9_YN, BTN10_YN, PRINT_YN, EXCEL_YN, MENU_YN, USE_YN, REG_ID, REG_DT)
values('FO_MGT_STD_17', 'ROLE_ADMIN', '1', '0', '0', '1', '0', '0', '0', '0', '0', '0', '0', '0', '0', '0', '0', '0', '1', '1', 'SYSTEM', SYSDATE);

insert into TB_CF_MENU_ROLE (MENU_ID, AUTHORITY, SEARCH_YN, NEW_YN, DELETE_YN, SAVE_YN, BTN1_YN, BTN2_YN, BTN3_YN, BTN4_YN, BTN5_YN, BTN6_YN, BTN7_YN, BTN8_YN, BTN9_YN, BTN10_YN, PRINT_YN, EXCEL_YN, MENU_YN, USE_YN, REG_ID, REG_DT)
values('FO_MGT_STD_1701', 'ROLE_ADMIN', '0', '0', '0', '0', '0', '0', '0', '0', '0', '0', '0', '0', '0', '0', '0', '0', '0', '1', 'SYSTEM', SYSDATE);

insert into TB_CF_MENU_ROLE (MENU_ID, AUTHORITY, SEARCH_YN, NEW_YN, DELETE_YN, SAVE_YN, BTN1_YN, BTN2_YN, BTN3_YN, BTN4_YN, BTN5_YN, BTN6_YN, BTN7_YN, BTN8_YN, BTN9_YN, BTN10_YN, PRINT_YN, EXCEL_YN, MENU_YN, USE_YN, REG_ID, REG_DT)
values('FO_MGT_STD_1702', 'ROLE_ADMIN', '0', '0', '0', '0', '0', '0', '0', '0', '0', '0', '0', '0', '0', '0', '0', '0', '0', '1', 'SYSTEM', SYSDATE);

insert into TB_CF_MENU_ROLE (MENU_ID, AUTHORITY, SEARCH_YN, NEW_YN, DELETE_YN, SAVE_YN, BTN1_YN, BTN2_YN, BTN3_YN, BTN4_YN, BTN5_YN, BTN6_YN, BTN7_YN, BTN8_YN, BTN9_YN, BTN10_YN, PRINT_YN, EXCEL_YN, MENU_YN, USE_YN, REG_ID, REG_DT)
values('FO_MGT_STD_1703', 'ROLE_ADMIN', '0', '0', '0', '0', '0', '0', '0', '0', '0', '0', '0', '0', '0', '0', '0', '0', '0', '1', 'SYSTEM', SYSDATE);

insert into TB_CF_MENU_ROLE (MENU_ID, AUTHORITY, SEARCH_YN, NEW_YN, DELETE_YN, SAVE_YN, BTN1_YN, BTN2_YN, BTN3_YN, BTN4_YN, BTN5_YN, BTN6_YN, BTN7_YN, BTN8_YN, BTN9_YN, BTN10_YN, PRINT_YN, EXCEL_YN, MENU_YN, USE_YN, REG_ID, REG_DT)
values('FO_MGT_STD_0603', 'ROLE_ADMIN', '1', '0', '0', '0', '0', '0', '0', '0', '0', '0', '0', '0', '0', '0', '0', '0', '0', '1', 'SYSTEM', SYSDATE);

insert into TB_CF_MENU_ROLE (MENU_ID, AUTHORITY, SEARCH_YN, NEW_YN, DELETE_YN, SAVE_YN, BTN1_YN, BTN2_YN, BTN3_YN, BTN4_YN, BTN5_YN, BTN6_YN, BTN7_YN, BTN8_YN, BTN9_YN, BTN10_YN, PRINT_YN, EXCEL_YN, MENU_YN, USE_YN, REG_ID, REG_DT)
values('FO_MGT_STD_0503', 'ROLE_ADMIN', '1', '0', '0', '0', '0', '0', '0', '0', '0', '0', '0', '0', '0', '0', '0', '0', '0', '1', 'SYSTEM', SYSDATE);

insert into TB_CF_MENU_ROLE (MENU_ID, AUTHORITY, SEARCH_YN, NEW_YN, DELETE_YN, SAVE_YN, BTN1_YN, BTN2_YN, BTN3_YN, BTN4_YN, BTN5_YN, BTN6_YN, BTN7_YN, BTN8_YN, BTN9_YN, BTN10_YN, PRINT_YN, EXCEL_YN, MENU_YN, USE_YN, REG_ID, REG_DT)
values('FO_MGT_TPL_0205', 'ROLE_ADMIN', '0', '0', '0', '0', '0', '0', '0', '0', '0', '0', '0', '0', '0', '0', '0', '0', '0', '1', 'SYSTEM', SYSDATE);

insert into TB_CF_MENU_ROLE (MENU_ID, AUTHORITY, SEARCH_YN, NEW_YN, DELETE_YN, SAVE_YN, BTN1_YN, BTN2_YN, BTN3_YN, BTN4_YN, BTN5_YN, BTN6_YN, BTN7_YN, BTN8_YN, BTN9_YN, BTN10_YN, PRINT_YN, EXCEL_YN, MENU_YN, USE_YN, REG_ID, REG_DT)
values('FO_MGT_TPL_0402', 'ROLE_ADMIN', '0', '0', '0', '0', '0', '0', '0', '0', '0', '0', '0', '0', '0', '0', '0', '0', '0', '1', 'SYSTEM', SYSDATE);

insert into TB_CF_MENU_ROLE (MENU_ID, AUTHORITY, SEARCH_YN, NEW_YN, DELETE_YN, SAVE_YN, BTN1_YN, BTN2_YN, BTN3_YN, BTN4_YN, BTN5_YN, BTN6_YN, BTN7_YN, BTN8_YN, BTN9_YN, BTN10_YN, PRINT_YN, EXCEL_YN, MENU_YN, USE_YN, REG_ID, REG_DT)
values('FO_MGT_TPL_0401', 'ROLE_ADMIN', '0', '0', '0', '0', '0', '0', '0', '0', '0', '0', '0', '0', '0', '0', '0', '0', '0', '1', 'SYSTEM', SYSDATE);

insert into TB_CF_MENU_ROLE (MENU_ID, AUTHORITY, SEARCH_YN, NEW_YN, DELETE_YN, SAVE_YN, BTN1_YN, BTN2_YN, BTN3_YN, BTN4_YN, BTN5_YN, BTN6_YN, BTN7_YN, BTN8_YN, BTN9_YN, BTN10_YN, PRINT_YN, EXCEL_YN, MENU_YN, USE_YN, REG_ID, REG_DT)
values('FO_MGT_TPL_0204', 'ROLE_ADMIN', '0', '0', '0', '0', '0', '0', '0', '0', '0', '0', '0', '0', '0', '0', '0', '0', '0', '1', 'SYSTEM', SYSDATE);

insert into TB_CF_MENU_ROLE (MENU_ID, AUTHORITY, SEARCH_YN, NEW_YN, DELETE_YN, SAVE_YN, BTN1_YN, BTN2_YN, BTN3_YN, BTN4_YN, BTN5_YN, BTN6_YN, BTN7_YN, BTN8_YN, BTN9_YN, BTN10_YN, PRINT_YN, EXCEL_YN, MENU_YN, USE_YN, REG_ID, REG_DT)
values('FO_MGT_STD_1201', 'ROLE_ADMIN', '1', '0', '0', '0', '0', '0', '0', '0', '0', '0', '0', '0', '0', '0', '0', '0', '0', '1', 'SYSTEM', SYSDATE);

insert into TB_CF_MENU_ROLE (MENU_ID, AUTHORITY, SEARCH_YN, NEW_YN, DELETE_YN, SAVE_YN, BTN1_YN, BTN2_YN, BTN3_YN, BTN4_YN, BTN5_YN, BTN6_YN, BTN7_YN, BTN8_YN, BTN9_YN, BTN10_YN, PRINT_YN, EXCEL_YN, MENU_YN, USE_YN, REG_ID, REG_DT)
values('FO_MGT_STD_1202', 'ROLE_ADMIN', '1', '0', '0', '0', '0', '0', '0', '0', '0', '0', '0', '0', '0', '0', '0', '0', '0', '1', 'SYSTEM', SYSDATE);

insert into TB_CF_MENU_ROLE (MENU_ID, AUTHORITY, SEARCH_YN, NEW_YN, DELETE_YN, SAVE_YN, BTN1_YN, BTN2_YN, BTN3_YN, BTN4_YN, BTN5_YN, BTN6_YN, BTN7_YN, BTN8_YN, BTN9_YN, BTN10_YN, PRINT_YN, EXCEL_YN, MENU_YN, USE_YN, REG_ID, REG_DT)
values('FO_MGT_STD_120301', 'ROLE_ADMIN', '1', '0', '0', '0', '0', '0', '0', '0', '0', '0', '0', '0', '0', '0', '0', '0', '0', '1', 'SYSTEM', SYSDATE);

insert into TB_CF_MENU_ROLE (MENU_ID, AUTHORITY, SEARCH_YN, NEW_YN, DELETE_YN, SAVE_YN, BTN1_YN, BTN2_YN, BTN3_YN, BTN4_YN, BTN5_YN, BTN6_YN, BTN7_YN, BTN8_YN, BTN9_YN, BTN10_YN, PRINT_YN, EXCEL_YN, MENU_YN, USE_YN, REG_ID, REG_DT)
values('FO_MGT_STD_120302', 'ROLE_ADMIN', '1', '0', '0', '0', '0', '0', '0', '0', '0', '0', '0', '0', '0', '0', '0', '0', '0', '1', 'SYSTEM', SYSDATE);

insert into TB_CF_MENU_ROLE (MENU_ID, AUTHORITY, SEARCH_YN, NEW_YN, DELETE_YN, SAVE_YN, BTN1_YN, BTN2_YN, BTN3_YN, BTN4_YN, BTN5_YN, BTN6_YN, BTN7_YN, BTN8_YN, BTN9_YN, BTN10_YN, PRINT_YN, EXCEL_YN, MENU_YN, USE_YN, REG_ID, REG_DT)
values('FO_MGT_STD_120401', 'ROLE_ADMIN', '1', '0', '0', '0', '0', '0', '0', '0', '0', '0', '0', '0', '0', '0', '0', '0', '0', '1', 'SYSTEM', SYSDATE);

insert into TB_CF_MENU_ROLE (MENU_ID, AUTHORITY, SEARCH_YN, NEW_YN, DELETE_YN, SAVE_YN, BTN1_YN, BTN2_YN, BTN3_YN, BTN4_YN, BTN5_YN, BTN6_YN, BTN7_YN, BTN8_YN, BTN9_YN, BTN10_YN, PRINT_YN, EXCEL_YN, MENU_YN, USE_YN, REG_ID, REG_DT)
values('FO_MGT_STD_120501', 'ROLE_ADMIN', '1', '0', '0', '0', '0', '0', '0', '0', '0', '0', '0', '0', '0', '0', '0', '0', '0', '1', 'SYSTEM', SYSDATE);

insert into TB_CF_MENU_ROLE (MENU_ID, AUTHORITY, SEARCH_YN, NEW_YN, DELETE_YN, SAVE_YN, BTN1_YN, BTN2_YN, BTN3_YN, BTN4_YN, BTN5_YN, BTN6_YN, BTN7_YN, BTN8_YN, BTN9_YN, BTN10_YN, PRINT_YN, EXCEL_YN, MENU_YN, USE_YN, REG_ID, REG_DT)
values('FO_MGT_STD_120502', 'ROLE_ADMIN', '1', '0', '0', '0', '0', '0', '0', '0', '0', '0', '0', '0', '0', '0', '0', '0', '0', '1', 'SYSTEM', SYSDATE);

insert into TB_CF_MENU_ROLE (MENU_ID, AUTHORITY, SEARCH_YN, NEW_YN, DELETE_YN, SAVE_YN, BTN1_YN, BTN2_YN, BTN3_YN, BTN4_YN, BTN5_YN, BTN6_YN, BTN7_YN, BTN8_YN, BTN9_YN, BTN10_YN, PRINT_YN, EXCEL_YN, MENU_YN, USE_YN, REG_ID, REG_DT)
values('FO_MGT_STD_120503', 'ROLE_ADMIN', '1', '0', '0', '0', '0', '0', '0', '0', '0', '0', '0', '0', '0', '0', '0', '0', '0', '1', 'SYSTEM', SYSDATE);

insert into TB_CF_MENU_ROLE (MENU_ID, AUTHORITY, SEARCH_YN, NEW_YN, DELETE_YN, SAVE_YN, BTN1_YN, BTN2_YN, BTN3_YN, BTN4_YN, BTN5_YN, BTN6_YN, BTN7_YN, BTN8_YN, BTN9_YN, BTN10_YN, PRINT_YN, EXCEL_YN, MENU_YN, USE_YN, REG_ID, REG_DT)
values('FO_MGT_STD_120504', 'ROLE_ADMIN', '1', '0', '0', '0', '0', '0', '0', '0', '0', '0', '0', '0', '0', '0', '0', '0', '0', '1', 'SYSTEM', SYSDATE);

insert into TB_CF_MENU_ROLE (MENU_ID, AUTHORITY, SEARCH_YN, NEW_YN, DELETE_YN, SAVE_YN, BTN1_YN, BTN2_YN, BTN3_YN, BTN4_YN, BTN5_YN, BTN6_YN, BTN7_YN, BTN8_YN, BTN9_YN, BTN10_YN, PRINT_YN, EXCEL_YN, MENU_YN, USE_YN, REG_ID, REG_DT)
values('FO_MGT_STD_120505', 'ROLE_ADMIN', '1', '0', '0', '0', '0', '0', '0', '0', '0', '0', '0', '0', '0', '0', '0', '0', '0', '1', 'SYSTEM', SYSDATE);

insert into TB_CF_MENU_ROLE (MENU_ID, AUTHORITY, SEARCH_YN, NEW_YN, DELETE_YN, SAVE_YN, BTN1_YN, BTN2_YN, BTN3_YN, BTN4_YN, BTN5_YN, BTN6_YN, BTN7_YN, BTN8_YN, BTN9_YN, BTN10_YN, PRINT_YN, EXCEL_YN, MENU_YN, USE_YN, REG_ID, REG_DT)
values('FO_MGT_STD_10', 'ROLE_ADMIN', '1', '0', '0', '1', '1', '1', '1', '1', '1', '1', '1', '1', '1', '1', '0', '0', '1', '1', 'SYSTEM', SYSDATE);

insert into TB_CF_MENU_ROLE (MENU_ID, AUTHORITY, SEARCH_YN, NEW_YN, DELETE_YN, SAVE_YN, BTN1_YN, BTN2_YN, BTN3_YN, BTN4_YN, BTN5_YN, BTN6_YN, BTN7_YN, BTN8_YN, BTN9_YN, BTN10_YN, PRINT_YN, EXCEL_YN, MENU_YN, USE_YN, REG_ID, REG_DT)
values('FO_MGT_STD_1301', 'ROLE_ADMIN', '1', '0', '0', '0', '0', '0', '0', '0', '0', '0', '0', '0', '0', '0', '0', '0', '0', '1', 'SYSTEM', SYSDATE);

insert into TB_CF_MENU_ROLE (MENU_ID, AUTHORITY, SEARCH_YN, NEW_YN, DELETE_YN, SAVE_YN, BTN1_YN, BTN2_YN, BTN3_YN, BTN4_YN, BTN5_YN, BTN6_YN, BTN7_YN, BTN8_YN, BTN9_YN, BTN10_YN, PRINT_YN, EXCEL_YN, MENU_YN, USE_YN, REG_ID, REG_DT)
values('FO_MGT_STD_1302', 'ROLE_ADMIN', '1', '0', '0', '0', '0', '0', '0', '0', '0', '0', '0', '0', '0', '0', '0', '0', '0', '1', 'SYSTEM', SYSDATE);

insert into TB_CF_MENU_ROLE (MENU_ID, AUTHORITY, SEARCH_YN, NEW_YN, DELETE_YN, SAVE_YN, BTN1_YN, BTN2_YN, BTN3_YN, BTN4_YN, BTN5_YN, BTN6_YN, BTN7_YN, BTN8_YN, BTN9_YN, BTN10_YN, PRINT_YN, EXCEL_YN, MENU_YN, USE_YN, REG_ID, REG_DT)
values('FO_MGT_STD_13', 'ROLE_ADMIN', '1', '0', '0', '0', '0', '0', '0', '0', '0', '0', '0', '0', '0', '0', '0', '0', '1', '1', 'SYSTEM', SYSDATE);

insert into TB_CF_MENU_ROLE (MENU_ID, AUTHORITY, SEARCH_YN, NEW_YN, DELETE_YN, SAVE_YN, BTN1_YN, BTN2_YN, BTN3_YN, BTN4_YN, BTN5_YN, BTN6_YN, BTN7_YN, BTN8_YN, BTN9_YN, BTN10_YN, PRINT_YN, EXCEL_YN, MENU_YN, USE_YN, REG_ID, REG_DT)
values('BIZ_SAMPLE_MENU', 'ROLE_ADMIN', '0', '0', '0', '0', '0', '0', '0', '0', '0', '0', '0', '0', '0', '0', '0', '0', '1', '1', 'SYSTEM', SYSDATE);

insert into TB_CF_MENU_ROLE (MENU_ID, AUTHORITY, SEARCH_YN, NEW_YN, DELETE_YN, SAVE_YN, BTN1_YN, BTN2_YN, BTN3_YN, BTN4_YN, BTN5_YN, BTN6_YN, BTN7_YN, BTN8_YN, BTN9_YN, BTN10_YN, PRINT_YN, EXCEL_YN, MENU_YN, USE_YN, REG_ID, REG_DT)
values('BIZ_SAMPLE_MENU_0101', 'ROLE_ADMIN', '0', '0', '0', '0', '0', '0', '0', '0', '0', '0', '0', '0', '0', '0', '0', '0', '0', '1', 'SYSTEM', SYSDATE);

insert into TB_CF_MENU_ROLE (MENU_ID, AUTHORITY, SEARCH_YN, NEW_YN, DELETE_YN, SAVE_YN, BTN1_YN, BTN2_YN, BTN3_YN, BTN4_YN, BTN5_YN, BTN6_YN, BTN7_YN, BTN8_YN, BTN9_YN, BTN10_YN, PRINT_YN, EXCEL_YN, MENU_YN, USE_YN, REG_ID, REG_DT)
values('FO_MGT_STD_01', 'ROLE_ADMIN', '1', '1', '1', '1', '0', '0', '0', '0', '0', '0', '0', '0', '0', '0', '0', '0', '1', '1', 'SYSTEM', SYSDATE);

insert into TB_CF_MENU_ROLE (MENU_ID, AUTHORITY, SEARCH_YN, NEW_YN, DELETE_YN, SAVE_YN, BTN1_YN, BTN2_YN, BTN3_YN, BTN4_YN, BTN5_YN, BTN6_YN, BTN7_YN, BTN8_YN, BTN9_YN, BTN10_YN, PRINT_YN, EXCEL_YN, MENU_YN, USE_YN, REG_ID, REG_DT)
values('FO_MGT_TPL_13', 'ROLE_ADMIN', '1', '0', '0', '0', '0', '0', '0', '0', '0', '0', '0', '0', '0', '0', '0', '0', '1', '1', 'SYSTEM', SYSDATE);

insert into TB_CF_MENU_ROLE (MENU_ID, AUTHORITY, SEARCH_YN, NEW_YN, DELETE_YN, SAVE_YN, BTN1_YN, BTN2_YN, BTN3_YN, BTN4_YN, BTN5_YN, BTN6_YN, BTN7_YN, BTN8_YN, BTN9_YN, BTN10_YN, PRINT_YN, EXCEL_YN, MENU_YN, USE_YN, REG_ID, REG_DT)
values('FO_MGT_TPL_1301', 'ROLE_ADMIN', '0', '0', '0', '0', '0', '0', '0', '0', '0', '0', '0', '0', '0', '0', '0', '0', '0', '1', 'SYSTEM', SYSDATE);

insert into TB_CF_MENU_ROLE (MENU_ID, AUTHORITY, SEARCH_YN, NEW_YN, DELETE_YN, SAVE_YN, BTN1_YN, BTN2_YN, BTN3_YN, BTN4_YN, BTN5_YN, BTN6_YN, BTN7_YN, BTN8_YN, BTN9_YN, BTN10_YN, PRINT_YN, EXCEL_YN, MENU_YN, USE_YN, REG_ID, REG_DT)
values('BIZ_SAMPLE_MENU_0101', 'BBS_ADMIN', '0', '0', '0', '0', '0', '0', '0', '0', '0', '0', '0', '0', '0', '0', '0', '0', '0', '0', 'SYSTEM', SYSDATE);

insert into TB_CF_MENU_ROLE (MENU_ID, AUTHORITY, SEARCH_YN, NEW_YN, DELETE_YN, SAVE_YN, BTN1_YN, BTN2_YN, BTN3_YN, BTN4_YN, BTN5_YN, BTN6_YN, BTN7_YN, BTN8_YN, BTN9_YN, BTN10_YN, PRINT_YN, EXCEL_YN, MENU_YN, USE_YN, REG_ID, REG_DT)
values('BIZ_SAMPLE', 'ROLE_USER', '0', '0', '0', '0', '0', '0', '0', '0', '0', '0', '0', '0', '0', '0', '0', '0', '1', '1', 'SYSTEM', SYSDATE);

insert into TB_CF_MENU_ROLE (MENU_ID, AUTHORITY, SEARCH_YN, NEW_YN, DELETE_YN, SAVE_YN, BTN1_YN, BTN2_YN, BTN3_YN, BTN4_YN, BTN5_YN, BTN6_YN, BTN7_YN, BTN8_YN, BTN9_YN, BTN10_YN, PRINT_YN, EXCEL_YN, MENU_YN, USE_YN, REG_ID, REG_DT)
values('BIZ_SAMPLE_MENU', 'ROLE_USER', '0', '0', '0', '0', '0', '0', '0', '0', '0', '0', '0', '0', '0', '0', '0', '0', '1', '1', 'SYSTEM', SYSDATE);

insert into TB_CF_MENU_ROLE (MENU_ID, AUTHORITY, SEARCH_YN, NEW_YN, DELETE_YN, SAVE_YN, BTN1_YN, BTN2_YN, BTN3_YN, BTN4_YN, BTN5_YN, BTN6_YN, BTN7_YN, BTN8_YN, BTN9_YN, BTN10_YN, PRINT_YN, EXCEL_YN, MENU_YN, USE_YN, REG_ID, REG_DT)
values('BIZ_SAMPLE_MENU_0101', 'ROLE_USER', '0', '0', '0', '1', '0', '0', '0', '0', '0', '0', '0', '0', '0', '0', '0', '0', '0', '1', 'SYSTEM', SYSDATE);

insert into TB_CF_MENU_ROLE (MENU_ID, AUTHORITY, SEARCH_YN, NEW_YN, DELETE_YN, SAVE_YN, BTN1_YN, BTN2_YN, BTN3_YN, BTN4_YN, BTN5_YN, BTN6_YN, BTN7_YN, BTN8_YN, BTN9_YN, BTN10_YN, PRINT_YN, EXCEL_YN, MENU_YN, USE_YN, REG_ID, REG_DT)
values('BIZ_SAMPLE_MENU_01', 'ROLE_USER', '1', '1', '0', '0', '0', '0', '0', '0', '0', '0', '0', '0', '0', '0', '0', '0', '1', '1', 'SYSTEM', SYSDATE);

insert into TB_CF_MENU_ROLE (MENU_ID, AUTHORITY, SEARCH_YN, NEW_YN, DELETE_YN, SAVE_YN, BTN1_YN, BTN2_YN, BTN3_YN, BTN4_YN, BTN5_YN, BTN6_YN, BTN7_YN, BTN8_YN, BTN9_YN, BTN10_YN, PRINT_YN, EXCEL_YN, MENU_YN, USE_YN, REG_ID, REG_DT)
values('FO_MGT_TPL_12', 'ROLE_ADMIN', '1', '0', '0', '0', '0', '0', '0', '0', '0', '0', '0', '0', '0', '0', '0', '0', '1', '1', 'SYSTEM', SYSDATE);

insert into TB_CF_MENU_ROLE (MENU_ID, AUTHORITY, SEARCH_YN, NEW_YN, DELETE_YN, SAVE_YN, BTN1_YN, BTN2_YN, BTN3_YN, BTN4_YN, BTN5_YN, BTN6_YN, BTN7_YN, BTN8_YN, BTN9_YN, BTN10_YN, PRINT_YN, EXCEL_YN, MENU_YN, USE_YN, REG_ID, REG_DT)
values('FO_MGT_TPL_0104', 'ROLE_ADMIN', '0', '0', '0', '0', '0', '0', '0', '0', '0', '0', '0', '0', '0', '0', '0', '0', '0', '1', 'SYSTEM', SYSDATE);

insert into TB_CF_MENU_ROLE (MENU_ID, AUTHORITY, SEARCH_YN, NEW_YN, DELETE_YN, SAVE_YN, BTN1_YN, BTN2_YN, BTN3_YN, BTN4_YN, BTN5_YN, BTN6_YN, BTN7_YN, BTN8_YN, BTN9_YN, BTN10_YN, PRINT_YN, EXCEL_YN, MENU_YN, USE_YN, REG_ID, REG_DT)
values('FO_MGT_TPL_02', 'ROLE_ADMIN', '1', '0', '0', '0', '0', '0', '0', '0', '0', '0', '0', '0', '0', '0', '0', '0', '1', '1', 'SYSTEM', SYSDATE);

insert into TB_CF_MENU_ROLE (MENU_ID, AUTHORITY, SEARCH_YN, NEW_YN, DELETE_YN, SAVE_YN, BTN1_YN, BTN2_YN, BTN3_YN, BTN4_YN, BTN5_YN, BTN6_YN, BTN7_YN, BTN8_YN, BTN9_YN, BTN10_YN, PRINT_YN, EXCEL_YN, MENU_YN, USE_YN, REG_ID, REG_DT)
values('FO_MGT_TPL_0210', 'ROLE_ADMIN', '0', '0', '0', '0', '0', '0', '0', '0', '0', '0', '0', '0', '0', '0', '0', '0', '0', '1', 'SYSTEM', SYSDATE);

insert into TB_CF_MENU_ROLE (MENU_ID, AUTHORITY, SEARCH_YN, NEW_YN, DELETE_YN, SAVE_YN, BTN1_YN, BTN2_YN, BTN3_YN, BTN4_YN, BTN5_YN, BTN6_YN, BTN7_YN, BTN8_YN, BTN9_YN, BTN10_YN, PRINT_YN, EXCEL_YN, MENU_YN, USE_YN, REG_ID, REG_DT)
values('FO_MGT_TPL_0209', 'ROLE_ADMIN', '0', '0', '0', '0', '0', '0', '0', '0', '0', '0', '0', '0', '0', '0', '0', '0', '0', '1', 'SYSTEM', SYSDATE);

insert into TB_CF_MENU_ROLE (MENU_ID, AUTHORITY, SEARCH_YN, NEW_YN, DELETE_YN, SAVE_YN, BTN1_YN, BTN2_YN, BTN3_YN, BTN4_YN, BTN5_YN, BTN6_YN, BTN7_YN, BTN8_YN, BTN9_YN, BTN10_YN, PRINT_YN, EXCEL_YN, MENU_YN, USE_YN, REG_ID, REG_DT)
values('FO_MGT_TPL_1201', 'ROLE_ADMIN', '0', '0', '0', '0', '0', '0', '0', '0', '0', '0', '0', '0', '0', '0', '0', '0', '0', '1', 'SYSTEM', SYSDATE);

insert into TB_CF_MENU_ROLE (MENU_ID, AUTHORITY, SEARCH_YN, NEW_YN, DELETE_YN, SAVE_YN, BTN1_YN, BTN2_YN, BTN3_YN, BTN4_YN, BTN5_YN, BTN6_YN, BTN7_YN, BTN8_YN, BTN9_YN, BTN10_YN, PRINT_YN, EXCEL_YN, MENU_YN, USE_YN, REG_ID, REG_DT)
values('FO_MGT_TPL_1202', 'ROLE_ADMIN', '0', '0', '0', '0', '0', '0', '0', '0', '0', '0', '0', '0', '0', '0', '0', '0', '0', '1', 'SYSTEM', SYSDATE);

insert into TB_CF_MENU_ROLE (MENU_ID, AUTHORITY, SEARCH_YN, NEW_YN, DELETE_YN, SAVE_YN, BTN1_YN, BTN2_YN, BTN3_YN, BTN4_YN, BTN5_YN, BTN6_YN, BTN7_YN, BTN8_YN, BTN9_YN, BTN10_YN, PRINT_YN, EXCEL_YN, MENU_YN, USE_YN, REG_ID, REG_DT)
values('FO_TPL', 'ROLE_ADMIN', '0', '0', '0', '0', '0', '0', '0', '0', '0', '0', '0', '0', '0', '0', '0', '0', '1', '1', 'SYSTEM', SYSDATE);

insert into TB_CF_MENU_ROLE (MENU_ID, AUTHORITY, SEARCH_YN, NEW_YN, DELETE_YN, SAVE_YN, BTN1_YN, BTN2_YN, BTN3_YN, BTN4_YN, BTN5_YN, BTN6_YN, BTN7_YN, BTN8_YN, BTN9_YN, BTN10_YN, PRINT_YN, EXCEL_YN, MENU_YN, USE_YN, REG_ID, REG_DT)
values('FO_MGT_STD_0403', 'ROLE_ADMIN', '1', '0', '0', '1', '0', '0', '0', '0', '0', '0', '0', '0', '0', '0', '0', '0', '0', '1', 'SYSTEM', SYSDATE);

insert into TB_CF_MENU_ROLE (MENU_ID, AUTHORITY, SEARCH_YN, NEW_YN, DELETE_YN, SAVE_YN, BTN1_YN, BTN2_YN, BTN3_YN, BTN4_YN, BTN5_YN, BTN6_YN, BTN7_YN, BTN8_YN, BTN9_YN, BTN10_YN, PRINT_YN, EXCEL_YN, MENU_YN, USE_YN, REG_ID, REG_DT)
values('FO_MGT_TPL_16', 'ROLE_ADMIN', '1', '0', '0', '0', '0', '0', '0', '0', '0', '0', '0', '0', '0', '0', '0', '0', '1', '1', 'SYSTEM', SYSDATE);

insert into TB_CF_MENU_ROLE (MENU_ID, AUTHORITY, SEARCH_YN, NEW_YN, DELETE_YN, SAVE_YN, BTN1_YN, BTN2_YN, BTN3_YN, BTN4_YN, BTN5_YN, BTN6_YN, BTN7_YN, BTN8_YN, BTN9_YN, BTN10_YN, PRINT_YN, EXCEL_YN, MENU_YN, USE_YN, REG_ID, REG_DT)
values('FO_MGT_TPL_17', 'ROLE_ADMIN', '1', '0', '0', '0', '0', '0', '0', '0', '0', '0', '0', '0', '0', '0', '0', '0', '1', '1', 'SYSTEM', SYSDATE);

insert into TB_CF_MENU_ROLE (MENU_ID, AUTHORITY, SEARCH_YN, NEW_YN, DELETE_YN, SAVE_YN, BTN1_YN, BTN2_YN, BTN3_YN, BTN4_YN, BTN5_YN, BTN6_YN, BTN7_YN, BTN8_YN, BTN9_YN, BTN10_YN, PRINT_YN, EXCEL_YN, MENU_YN, USE_YN, REG_ID, REG_DT)
values('FO_MGT_STD_0203', 'ROLE_ADMIN', '1', '0', '0', '0', '0', '0', '0', '0', '0', '0', '0', '0', '0', '0', '0', '0', '0', '1', 'SYSTEM', SYSDATE);

insert into TB_CF_MENU_ROLE (MENU_ID, AUTHORITY, SEARCH_YN, NEW_YN, DELETE_YN, SAVE_YN, BTN1_YN, BTN2_YN, BTN3_YN, BTN4_YN, BTN5_YN, BTN6_YN, BTN7_YN, BTN8_YN, BTN9_YN, BTN10_YN, PRINT_YN, EXCEL_YN, MENU_YN, USE_YN, REG_ID, REG_DT)
values('FO_SAM_TPL', 'ROLE_ADMIN', '1', '0', '0', '0', '0', '0', '0', '0', '0', '0', '0', '0', '0', '0', '0', '0', '1', '1', 'SYSTEM', SYSDATE);

insert into TB_CF_MENU_ROLE (MENU_ID, AUTHORITY, SEARCH_YN, NEW_YN, DELETE_YN, SAVE_YN, BTN1_YN, BTN2_YN, BTN3_YN, BTN4_YN, BTN5_YN, BTN6_YN, BTN7_YN, BTN8_YN, BTN9_YN, BTN10_YN, PRINT_YN, EXCEL_YN, MENU_YN, USE_YN, REG_ID, REG_DT)
values('FO_SAM_TPL_01', 'ROLE_ADMIN', '1', '0', '0', '0', '0', '0', '0', '0', '0', '0', '0', '0', '0', '0', '0', '0', '1', '1', 'SYSTEM', SYSDATE);

insert into TB_CF_MENU_ROLE (MENU_ID, AUTHORITY, SEARCH_YN, NEW_YN, DELETE_YN, SAVE_YN, BTN1_YN, BTN2_YN, BTN3_YN, BTN4_YN, BTN5_YN, BTN6_YN, BTN7_YN, BTN8_YN, BTN9_YN, BTN10_YN, PRINT_YN, EXCEL_YN, MENU_YN, USE_YN, REG_ID, REG_DT)
values('FO_SAM_TPL_10', 'ROLE_ADMIN', '1', '0', '0', '0', '0', '0', '0', '0', '0', '0', '0', '0', '0', '0', '0', '0', '1', '1', 'SYSTEM', SYSDATE);

insert into TB_CF_MENU_ROLE (MENU_ID, AUTHORITY, SEARCH_YN, NEW_YN, DELETE_YN, SAVE_YN, BTN1_YN, BTN2_YN, BTN3_YN, BTN4_YN, BTN5_YN, BTN6_YN, BTN7_YN, BTN8_YN, BTN9_YN, BTN10_YN, PRINT_YN, EXCEL_YN, MENU_YN, USE_YN, REG_ID, REG_DT)
values('FO_TPL', 'ROLE_USER', '0', '0', '0', '0', '0', '0', '0', '0', '0', '0', '0', '0', '0', '0', '0', '0', '1', '1', 'SYSTEM', SYSDATE);

insert into TB_CF_MENU_ROLE (MENU_ID, AUTHORITY, SEARCH_YN, NEW_YN, DELETE_YN, SAVE_YN, BTN1_YN, BTN2_YN, BTN3_YN, BTN4_YN, BTN5_YN, BTN6_YN, BTN7_YN, BTN8_YN, BTN9_YN, BTN10_YN, PRINT_YN, EXCEL_YN, MENU_YN, USE_YN, REG_ID, REG_DT)
values('FO_MGT_TPL', 'ROLE_USER', '0', '0', '0', '0', '0', '0', '0', '0', '0', '0', '0', '0', '0', '0', '0', '0', '1', '1', 'SYSTEM', SYSDATE);

insert into TB_CF_MENU_ROLE (MENU_ID, AUTHORITY, SEARCH_YN, NEW_YN, DELETE_YN, SAVE_YN, BTN1_YN, BTN2_YN, BTN3_YN, BTN4_YN, BTN5_YN, BTN6_YN, BTN7_YN, BTN8_YN, BTN9_YN, BTN10_YN, PRINT_YN, EXCEL_YN, MENU_YN, USE_YN, REG_ID, REG_DT)
values('BIZ_SAMPLE', 'ROLE_ADMIN', '0', '0', '0', '0', '0', '0', '0', '0', '0', '0', '0', '0', '0', '0', '0', '0', '1', '1', 'SYSTEM', SYSDATE);

insert into TB_CF_MENU_ROLE (MENU_ID, AUTHORITY, SEARCH_YN, NEW_YN, DELETE_YN, SAVE_YN, BTN1_YN, BTN2_YN, BTN3_YN, BTN4_YN, BTN5_YN, BTN6_YN, BTN7_YN, BTN8_YN, BTN9_YN, BTN10_YN, PRINT_YN, EXCEL_YN, MENU_YN, USE_YN, REG_ID, REG_DT)
values('BIZ_SAMPLE_MENU_01', 'ROLE_ADMIN', '1', '1', '0', '0', '0', '0', '0', '0', '0', '0', '0', '0', '0', '0', '0', '0', '1', '1', 'SYSTEM', SYSDATE);

insert into TB_CF_MENU_ROLE (MENU_ID, AUTHORITY, SEARCH_YN, NEW_YN, DELETE_YN, SAVE_YN, BTN1_YN, BTN2_YN, BTN3_YN, BTN4_YN, BTN5_YN, BTN6_YN, BTN7_YN, BTN8_YN, BTN9_YN, BTN10_YN, PRINT_YN, EXCEL_YN, MENU_YN, USE_YN, REG_ID, REG_DT)
values('FO_SAM_TPL', 'ROLE_USER', '0', '0', '0', '0', '0', '0', '0', '0', '0', '0', '0', '0', '0', '0', '0', '0', '1', '1', 'SYSTEM', SYSDATE);

insert into TB_CF_MENU_ROLE (MENU_ID, AUTHORITY, SEARCH_YN, NEW_YN, DELETE_YN, SAVE_YN, BTN1_YN, BTN2_YN, BTN3_YN, BTN4_YN, BTN5_YN, BTN6_YN, BTN7_YN, BTN8_YN, BTN9_YN, BTN10_YN, PRINT_YN, EXCEL_YN, MENU_YN, USE_YN, REG_ID, REG_DT)
values('FO_SAM_TPL_01', 'ROLE_USER', '0', '0', '0', '0', '0', '0', '0', '0', '0', '0', '0', '0', '0', '0', '0', '0', '1', '1', 'SYSTEM', SYSDATE);

insert into TB_CF_MENU_ROLE (MENU_ID, AUTHORITY, SEARCH_YN, NEW_YN, DELETE_YN, SAVE_YN, BTN1_YN, BTN2_YN, BTN3_YN, BTN4_YN, BTN5_YN, BTN6_YN, BTN7_YN, BTN8_YN, BTN9_YN, BTN10_YN, PRINT_YN, EXCEL_YN, MENU_YN, USE_YN, REG_ID, REG_DT)
values('FO_SAM_TPL_10', 'ROLE_USER', '0', '0', '0', '0', '0', '0', '0', '0', '0', '0', '0', '0', '0', '0', '0', '0', '1', '1', 'SYSTEM', SYSDATE);

insert into TB_CF_MENU_ROLE (MENU_ID, AUTHORITY, SEARCH_YN, NEW_YN, DELETE_YN, SAVE_YN, BTN1_YN, BTN2_YN, BTN3_YN, BTN4_YN, BTN5_YN, BTN6_YN, BTN7_YN, BTN8_YN, BTN9_YN, BTN10_YN, PRINT_YN, EXCEL_YN, MENU_YN, USE_YN, REG_ID, REG_DT)
values('FO_MGT_TPL_02', 'ROLE_USER', '1', '0', '1', '1', '1', '1', '0', '0', '0', '0', '0', '0', '0', '0', '0', '0', '1', '1', 'SYSTEM', SYSDATE);

insert into TB_CF_MENU_ROLE (MENU_ID, AUTHORITY, SEARCH_YN, NEW_YN, DELETE_YN, SAVE_YN, BTN1_YN, BTN2_YN, BTN3_YN, BTN4_YN, BTN5_YN, BTN6_YN, BTN7_YN, BTN8_YN, BTN9_YN, BTN10_YN, PRINT_YN, EXCEL_YN, MENU_YN, USE_YN, REG_ID, REG_DT)
values('FO_MGT_TPL_16', 'ROLE_USER', '0', '0', '0', '0', '0', '0', '0', '0', '0', '0', '0', '0', '0', '0', '0', '0', '1', '1', 'SYSTEM', SYSDATE);

insert into TB_CF_MENU_ROLE (MENU_ID, AUTHORITY, SEARCH_YN, NEW_YN, DELETE_YN, SAVE_YN, BTN1_YN, BTN2_YN, BTN3_YN, BTN4_YN, BTN5_YN, BTN6_YN, BTN7_YN, BTN8_YN, BTN9_YN, BTN10_YN, PRINT_YN, EXCEL_YN, MENU_YN, USE_YN, REG_ID, REG_DT)
values('FO_MGT_TPL_17', 'ROLE_USER', '0', '0', '0', '0', '0', '0', '0', '0', '0', '0', '0', '0', '0', '0', '0', '0', '1', '1', 'SYSTEM', SYSDATE);

insert into TB_CF_MENU_ROLE (MENU_ID, AUTHORITY, SEARCH_YN, NEW_YN, DELETE_YN, SAVE_YN, BTN1_YN, BTN2_YN, BTN3_YN, BTN4_YN, BTN5_YN, BTN6_YN, BTN7_YN, BTN8_YN, BTN9_YN, BTN10_YN, PRINT_YN, EXCEL_YN, MENU_YN, USE_YN, REG_ID, REG_DT)
values('FO_MGT_TPL_13', 'ROLE_USER', '0', '0', '0', '0', '0', '0', '0', '0', '0', '0', '0', '0', '0', '0', '0', '0', '1', '1', 'SYSTEM', SYSDATE);

insert into TB_CF_MENU_ROLE (MENU_ID, AUTHORITY, SEARCH_YN, NEW_YN, DELETE_YN, SAVE_YN, BTN1_YN, BTN2_YN, BTN3_YN, BTN4_YN, BTN5_YN, BTN6_YN, BTN7_YN, BTN8_YN, BTN9_YN, BTN10_YN, PRINT_YN, EXCEL_YN, MENU_YN, USE_YN, REG_ID, REG_DT)
values('FO_MGT_TPL_1301', 'ROLE_USER', '0', '0', '0', '0', '0', '0', '0', '0', '0', '0', '0', '0', '0', '0', '0', '0', '0', '1', 'SYSTEM', SYSDATE);

insert into TB_CF_MENU_ROLE (MENU_ID, AUTHORITY, SEARCH_YN, NEW_YN, DELETE_YN, SAVE_YN, BTN1_YN, BTN2_YN, BTN3_YN, BTN4_YN, BTN5_YN, BTN6_YN, BTN7_YN, BTN8_YN, BTN9_YN, BTN10_YN, PRINT_YN, EXCEL_YN, MENU_YN, USE_YN, REG_ID, REG_DT)
values('FO_MGT_TPL_1202', 'ROLE_USER', '0', '0', '0', '0', '0', '0', '0', '0', '0', '0', '0', '0', '0', '0', '0', '0', '0', '1', 'SYSTEM', SYSDATE);

insert into TB_CF_MENU_ROLE (MENU_ID, AUTHORITY, SEARCH_YN, NEW_YN, DELETE_YN, SAVE_YN, BTN1_YN, BTN2_YN, BTN3_YN, BTN4_YN, BTN5_YN, BTN6_YN, BTN7_YN, BTN8_YN, BTN9_YN, BTN10_YN, PRINT_YN, EXCEL_YN, MENU_YN, USE_YN, REG_ID, REG_DT)
values('FO_MGT_TPL_1201', 'ROLE_USER', '0', '0', '0', '0', '0', '0', '0', '0', '0', '0', '0', '0', '0', '0', '0', '0', '0', '1', 'SYSTEM', SYSDATE);

insert into TB_CF_MENU_ROLE (MENU_ID, AUTHORITY, SEARCH_YN, NEW_YN, DELETE_YN, SAVE_YN, BTN1_YN, BTN2_YN, BTN3_YN, BTN4_YN, BTN5_YN, BTN6_YN, BTN7_YN, BTN8_YN, BTN9_YN, BTN10_YN, PRINT_YN, EXCEL_YN, MENU_YN, USE_YN, REG_ID, REG_DT)
values('FO_MGT_TPL_12', 'ROLE_USER', '0', '0', '0', '0', '0', '0', '0', '0', '0', '0', '0', '0', '0', '0', '0', '0', '1', '1', 'SYSTEM', SYSDATE);

insert into TB_CF_MENU_ROLE (MENU_ID, AUTHORITY, SEARCH_YN, NEW_YN, DELETE_YN, SAVE_YN, BTN1_YN, BTN2_YN, BTN3_YN, BTN4_YN, BTN5_YN, BTN6_YN, BTN7_YN, BTN8_YN, BTN9_YN, BTN10_YN, PRINT_YN, EXCEL_YN, MENU_YN, USE_YN, REG_ID, REG_DT)
values('FO_MGT_TPL_0104', 'ROLE_USER', '0', '0', '0', '0', '0', '0', '0', '0', '0', '0', '0', '0', '0', '0', '0', '0', '0', '1', 'SYSTEM', SYSDATE);

insert into TB_CF_MENU_ROLE (MENU_ID, AUTHORITY, SEARCH_YN, NEW_YN, DELETE_YN, SAVE_YN, BTN1_YN, BTN2_YN, BTN3_YN, BTN4_YN, BTN5_YN, BTN6_YN, BTN7_YN, BTN8_YN, BTN9_YN, BTN10_YN, PRINT_YN, EXCEL_YN, MENU_YN, USE_YN, REG_ID, REG_DT)
values('FO_MGT_TPL_0702', 'ROLE_USER', '0', '0', '0', '0', '0', '0', '0', '0', '0', '0', '0', '0', '0', '0', '0', '0', '0', '1', 'SYSTEM', SYSDATE);

insert into TB_CF_MENU_ROLE (MENU_ID, AUTHORITY, SEARCH_YN, NEW_YN, DELETE_YN, SAVE_YN, BTN1_YN, BTN2_YN, BTN3_YN, BTN4_YN, BTN5_YN, BTN6_YN, BTN7_YN, BTN8_YN, BTN9_YN, BTN10_YN, PRINT_YN, EXCEL_YN, MENU_YN, USE_YN, REG_ID, REG_DT)
values('FO_MGT_TPL_0701', 'ROLE_USER', '0', '0', '0', '0', '0', '0', '0', '0', '0', '0', '0', '0', '0', '0', '0', '0', '0', '1', 'SYSTEM', SYSDATE);

insert into TB_CF_MENU_ROLE (MENU_ID, AUTHORITY, SEARCH_YN, NEW_YN, DELETE_YN, SAVE_YN, BTN1_YN, BTN2_YN, BTN3_YN, BTN4_YN, BTN5_YN, BTN6_YN, BTN7_YN, BTN8_YN, BTN9_YN, BTN10_YN, PRINT_YN, EXCEL_YN, MENU_YN, USE_YN, REG_ID, REG_DT)
values('FO_MGT_TPL_07', 'ROLE_USER', '0', '0', '0', '0', '0', '0', '0', '0', '0', '0', '0', '0', '0', '0', '0', '0', '1', '1', 'SYSTEM', SYSDATE);

insert into TB_CF_MENU_ROLE (MENU_ID, AUTHORITY, SEARCH_YN, NEW_YN, DELETE_YN, SAVE_YN, BTN1_YN, BTN2_YN, BTN3_YN, BTN4_YN, BTN5_YN, BTN6_YN, BTN7_YN, BTN8_YN, BTN9_YN, BTN10_YN, PRINT_YN, EXCEL_YN, MENU_YN, USE_YN, REG_ID, REG_DT)
values('FO_MGT_TPL_04', 'ROLE_USER', '0', '0', '0', '0', '0', '0', '0', '0', '0', '0', '0', '0', '0', '0', '0', '0', '1', '1', 'SYSTEM', SYSDATE);

insert into TB_CF_MENU_ROLE (MENU_ID, AUTHORITY, SEARCH_YN, NEW_YN, DELETE_YN, SAVE_YN, BTN1_YN, BTN2_YN, BTN3_YN, BTN4_YN, BTN5_YN, BTN6_YN, BTN7_YN, BTN8_YN, BTN9_YN, BTN10_YN, PRINT_YN, EXCEL_YN, MENU_YN, USE_YN, REG_ID, REG_DT)
values('FO_MGT_TPL_03', 'ROLE_USER', '0', '0', '0', '0', '0', '0', '0', '0', '0', '0', '0', '0', '0', '0', '0', '0', '1', '1', 'SYSTEM', SYSDATE);

insert into TB_CF_MENU_ROLE (MENU_ID, AUTHORITY, SEARCH_YN, NEW_YN, DELETE_YN, SAVE_YN, BTN1_YN, BTN2_YN, BTN3_YN, BTN4_YN, BTN5_YN, BTN6_YN, BTN7_YN, BTN8_YN, BTN9_YN, BTN10_YN, PRINT_YN, EXCEL_YN, MENU_YN, USE_YN, REG_ID, REG_DT)
values('FO_MGT_STD_1206', 'ROLE_USER', '0', '0', '0', '0', '0', '0', '0', '0', '0', '0', '0', '0', '0', '0', '0', '0', '0', '1', 'SYSTEM', SYSDATE);

insert into TB_CF_MENU_ROLE (MENU_ID, AUTHORITY, SEARCH_YN, NEW_YN, DELETE_YN, SAVE_YN, BTN1_YN, BTN2_YN, BTN3_YN, BTN4_YN, BTN5_YN, BTN6_YN, BTN7_YN, BTN8_YN, BTN9_YN, BTN10_YN, PRINT_YN, EXCEL_YN, MENU_YN, USE_YN, REG_ID, REG_DT)
values('FO_MGT_TPL_0209', 'ROLE_USER', '0', '0', '0', '0', '0', '0', '0', '0', '0', '0', '0', '0', '0', '0', '0', '0', '0', '1', 'SYSTEM', SYSDATE);

insert into TB_CF_MENU_ROLE (MENU_ID, AUTHORITY, SEARCH_YN, NEW_YN, DELETE_YN, SAVE_YN, BTN1_YN, BTN2_YN, BTN3_YN, BTN4_YN, BTN5_YN, BTN6_YN, BTN7_YN, BTN8_YN, BTN9_YN, BTN10_YN, PRINT_YN, EXCEL_YN, MENU_YN, USE_YN, REG_ID, REG_DT)
values('FO_MGT_STD_0401', 'ROLE_USER', '0', '0', '0', '0', '0', '0', '0', '0', '0', '0', '0', '0', '0', '0', '0', '0', '0', '1', 'SYSTEM', SYSDATE);

insert into TB_CF_MENU_ROLE (MENU_ID, AUTHORITY, SEARCH_YN, NEW_YN, DELETE_YN, SAVE_YN, BTN1_YN, BTN2_YN, BTN3_YN, BTN4_YN, BTN5_YN, BTN6_YN, BTN7_YN, BTN8_YN, BTN9_YN, BTN10_YN, PRINT_YN, EXCEL_YN, MENU_YN, USE_YN, REG_ID, REG_DT)
values('FO_MGT_STD_04', 'ROLE_USER', '0', '0', '0', '0', '0', '0', '0', '0', '0', '0', '0', '0', '0', '0', '0', '0', '0', '0', 'SYSTEM', SYSDATE);

insert into TB_CF_MENU_ROLE (MENU_ID, AUTHORITY, SEARCH_YN, NEW_YN, DELETE_YN, SAVE_YN, BTN1_YN, BTN2_YN, BTN3_YN, BTN4_YN, BTN5_YN, BTN6_YN, BTN7_YN, BTN8_YN, BTN9_YN, BTN10_YN, PRINT_YN, EXCEL_YN, MENU_YN, USE_YN, REG_ID, REG_DT)
values('FO_MGT_STD_03', 'ROLE_USER', '0', '0', '0', '0', '0', '0', '0', '0', '0', '0', '0', '0', '0', '0', '0', '0', '0', '0', 'SYSTEM', SYSDATE);

insert into TB_CF_MENU_ROLE (MENU_ID, AUTHORITY, SEARCH_YN, NEW_YN, DELETE_YN, SAVE_YN, BTN1_YN, BTN2_YN, BTN3_YN, BTN4_YN, BTN5_YN, BTN6_YN, BTN7_YN, BTN8_YN, BTN9_YN, BTN10_YN, PRINT_YN, EXCEL_YN, MENU_YN, USE_YN, REG_ID, REG_DT)
values('FO_MGT', 'ROLE_USER', '0', '0', '0', '0', '0', '0', '0', '0', '0', '0', '0', '0', '0', '0', '0', '0', '0', '0', 'SYSTEM', SYSDATE);

insert into TB_CF_MENU_ROLE (MENU_ID, AUTHORITY, SEARCH_YN, NEW_YN, DELETE_YN, SAVE_YN, BTN1_YN, BTN2_YN, BTN3_YN, BTN4_YN, BTN5_YN, BTN6_YN, BTN7_YN, BTN8_YN, BTN9_YN, BTN10_YN, PRINT_YN, EXCEL_YN, MENU_YN, USE_YN, REG_ID, REG_DT)
values('FO_MGT_STD_0301', 'ROLE_USER', '0', '0', '0', '0', '0', '0', '0', '0', '0', '0', '0', '0', '0', '0', '0', '0', '0', '0', 'SYSTEM', SYSDATE);

insert into TB_CF_MENU_ROLE (MENU_ID, AUTHORITY, SEARCH_YN, NEW_YN, DELETE_YN, SAVE_YN, BTN1_YN, BTN2_YN, BTN3_YN, BTN4_YN, BTN5_YN, BTN6_YN, BTN7_YN, BTN8_YN, BTN9_YN, BTN10_YN, PRINT_YN, EXCEL_YN, MENU_YN, USE_YN, REG_ID, REG_DT)
values('FO_MGT_STD_0302', 'ROLE_USER', '0', '0', '0', '0', '0', '0', '0', '0', '0', '0', '0', '0', '0', '0', '0', '0', '0', '0', 'SYSTEM', SYSDATE);

insert into TB_CF_MENU_ROLE (MENU_ID, AUTHORITY, SEARCH_YN, NEW_YN, DELETE_YN, SAVE_YN, BTN1_YN, BTN2_YN, BTN3_YN, BTN4_YN, BTN5_YN, BTN6_YN, BTN7_YN, BTN8_YN, BTN9_YN, BTN10_YN, PRINT_YN, EXCEL_YN, MENU_YN, USE_YN, REG_ID, REG_DT)
values('FO_MGT_STD_0101', 'ROLE_USER', '0', '0', '0', '0', '0', '0', '0', '0', '0', '0', '0', '0', '0', '0', '0', '0', '0', '1', 'SYSTEM', SYSDATE);

insert into TB_CF_MENU_ROLE (MENU_ID, AUTHORITY, SEARCH_YN, NEW_YN, DELETE_YN, SAVE_YN, BTN1_YN, BTN2_YN, BTN3_YN, BTN4_YN, BTN5_YN, BTN6_YN, BTN7_YN, BTN8_YN, BTN9_YN, BTN10_YN, PRINT_YN, EXCEL_YN, MENU_YN, USE_YN, REG_ID, REG_DT)
values('FO_MGT_STD_0102', 'ROLE_USER', '0', '0', '0', '0', '0', '0', '0', '0', '0', '0', '0', '0', '0', '0', '0', '0', '0', '1', 'SYSTEM', SYSDATE);

insert into TB_CF_MENU_ROLE (MENU_ID, AUTHORITY, SEARCH_YN, NEW_YN, DELETE_YN, SAVE_YN, BTN1_YN, BTN2_YN, BTN3_YN, BTN4_YN, BTN5_YN, BTN6_YN, BTN7_YN, BTN8_YN, BTN9_YN, BTN10_YN, PRINT_YN, EXCEL_YN, MENU_YN, USE_YN, REG_ID, REG_DT)
values('FO_MGT_STD_0701', 'ROLE_USER', '0', '0', '0', '0', '0', '0', '0', '0', '0', '0', '0', '0', '0', '0', '0', '0', '0', '1', 'SYSTEM', SYSDATE);
 

insert into TB_CF_ROLES (AUTHORITY, ROLE_NM, DESCRIPTION, REG_ID, REG_DT)
values ('BBS_ADMIN', '공지사항 관리자', '공지사항 관리 권한', 'SYSTEM', SYSDATE);

insert into TB_CF_ROLES (AUTHORITY, ROLE_NM, DESCRIPTION, REG_ID, REG_DT)
values ('ROLE_ADMIN', '시스템 관리자', '시스템 관리 권한', 'SYSTEM', SYSDATE);

insert into TB_CF_ROLES (AUTHORITY, ROLE_NM, DESCRIPTION, REG_ID, REG_DT)
values ('ROLE_USER', '사용자', '사용자', 'SYSTEM', SYSDATE);

insert into TB_CF_USERS (USER_ID, USER_NM, USER_PWD, USER_STATUS, USER_ENABLE, EMP_NO, MAIL_ADDR, COM_CD, LANG_CD, REFRESH_TOKEN, REG_ID, REG_DT, MOD_ID, MOD_DT)
values ('devadmin01', '개발자관리자', '35a4be93635897d8338e3f3e995499c5a6b564e8c8829725ecb6459ae6671a9e', '01', '1', '1111', 'test@cj.net', '1000', '', 'eyJ0eXAiOiJBQ0NFU1NfSldUIiwiYWxnIjoiSFMyNTYifQ.eyJ1c2VySWQiOiJkZXZhZG1pbjAxIiwidXNlck5tIjoi6rCc67Cc7J6Q6rSA66as7J6QIiwicm9sZXMiOiJCQlNfQURNSU58Uk9MRV9BRE1JTiIsImV4cCI6MTY1NDgxOTU1NX0.ehqnHijOIAVL5tPofY8HRrvR7pGq9ZQIxlQK5qrEHR4', 'SYSTEM', SYSDATE, 'SYSTEM', SYSDATE);

insert into TB_CF_SECURITY_RULES (USER_ID, FINAL_IN_DTM, FINAL_OUT_DTM, PWD_CHG_DT, FINAL_IP_ADDR, FAIL_IN_CNT, FAIL_TOT_CNT, FINAL_FAIL_IN_DTM, TMP_PWD_YN, ALLOW_ALL_IP_YN)
values ('devadmin01', sysdate, sysdate, '2023-10-30', '0:0:0:0:0:0:0:1', 0, 0, sysdate, '', '1');